order_id,case_number,primary_sample,applicant_parsed,respondent_parsed,respondent_is_p5,derivation
ICJ-126-2002-07-10,126,0,Democratic Republic of the Congo,Rwanda,0,"parsed from case_title, not human-coded"
ICJ-128-2003-02-05,128,1,Mexico,United States of America,1,"parsed from case_title, not human-coded"
ICJ-129-2003-06-17,129,0,Republic of the Congo,France,1,"parsed from case_title, not human-coded"
ICJ-135-2006-07-13,135,0,Argentina,Uruguay,0,"parsed from case_title, not human-coded"
ICJ-135-2007-01-23,135,0,Argentina,Uruguay,0,"parsed from case_title, not human-coded"
ICJ-139-2008-07-16,139,1,Mexico,United States of America,1,"parsed from case_title, not human-coded"
ICJ-140-2008-10-15,140,1,Georgia,Russian Federation,1,"parsed from case_title, not human-coded"
ICJ-144-2009-05-28,144,0,Belgium,Senegal,0,"parsed from case_title, not human-coded"
ICJ-150-2011-03-08,150,1,Costa Rica,Nicaragua,0,"parsed from case_title, not human-coded"
ICJ-151-2011-07-18,151,1,Cambodia,Thailand,0,"parsed from case_title, not human-coded"
ICJ-150-2013-07-16,150,0,Costa Rica,Nicaragua,0,"parsed from case_title, not human-coded"
ICJ-150-2013-11-22,150,1,Costa Rica,Nicaragua,0,"parsed from case_title, not human-coded"
ICJ-152-2013-12-13,152,0,Nicaragua,Costa Rica,0,"parsed from case_title, not human-coded"
ICJ-156-2014-03-03,156,1,Timor-Leste,Australia,0,"parsed from case_title, not human-coded"
ICJ-156-2015-04-22,156,1,Timor-Leste,Australia,0,"parsed from case_title, not human-coded"
ICJ-163-2016-12-07,163,1,Equatorial Guinea,France,1,"parsed from case_title, not human-coded"
ICJ-166-2017-04-19,166,1,Ukraine,Russian Federation,1,"parsed from case_title, not human-coded"
ICJ-168-2017-05-18,168,1,India,Pakistan,0,"parsed from case_title, not human-coded"
ICJ-172-2018-07-23,172,1,Qatar,United Arab Emirates,0,"parsed from case_title, not human-coded"
ICJ-172-2019-06-14,172,0,Qatar,United Arab Emirates,0,"parsed from case_title, not human-coded"
ICJ-178-2020-01-23,178,1,The Gambia,Myanmar: 11 States intervening,0,"parsed from case_title, not human-coded"
ICJ-180-2021-12-07,180,1,Armenia,Azerbaijan,0,"parsed from case_title, not human-coded"
ICJ-181-2021-12-07,181,1,Azerbaijan,Armenia,0,"parsed from case_title, not human-coded"
ICJ-182-2022-03-16,182,1,Ukraine,Russian Federation,1,"parsed from case_title, not human-coded"
ICJ-183-2022-05-10,183,0,Germany,Italy,0,"parsed from case_title, not human-coded"
ICJ-180-2022-10-12,180,0,Armenia,Azerbaijan,0,"parsed from case_title, not human-coded"
ICJ-184-2022-10-21,184,0,Equatorial Guinea,France,1,"parsed from case_title, not human-coded"
ICJ-180-2023-02-22,180,1,Armenia,Azerbaijan,0,"parsed from case_title, not human-coded"
ICJ-181-2023-02-22,181,0,Azerbaijan,Armenia,0,"parsed from case_title, not human-coded"
ICJ-180-2023-07-06,180,0,Armenia,Azerbaijan,0,"parsed from case_title, not human-coded"
ICJ-188-2023-11-16,188,1,Canada and Netherlands,Syrian Arab Republic,0,"parsed from case_title, not human-coded"
ICJ-180-2023-11-17,180,1,Armenia,Azerbaijan,0,"parsed from case_title, not human-coded"
ICJ-171-2023-12-01,171,1,Guyana,Venezuela,0,"parsed from case_title, not human-coded"
ICJ-192-2024-01-26,192,1,South Africa,Israel,0,"parsed from case_title, not human-coded"
ICJ-192-2024-03-28,192,1,South Africa,Israel,0,"parsed from case_title, not human-coded"
ICJ-193-2024-04-30,193,0,Nicaragua,Germany,0,"parsed from case_title, not human-coded"
ICJ-194-2024-05-23,194,0,Mexico,Ecuador,0,"parsed from case_title, not human-coded"
ICJ-192-2024-05-24,192,1,South Africa,Israel,0,"parsed from case_title, not human-coded"
ICJ-171-2025-05-01,171,1,Guyana,Venezuela,0,"parsed from case_title, not human-coded"
ICJ-197-2025-05-05,197,0,Sudan,United Arab Emirates,0,"parsed from case_title, not human-coded"
ICJ-184-2025-09-12,184,0,Equatorial Guinea,France,1,"parsed from case_title, not human-coded"
