case_number,case_title,order_count,first_order_date,last_order_date,party_block,applicant,respondent,applicant_normalized,respondent_normalized,extraction_status,ambiguity_group,manual_confirmation,applicant_aliases,respondent_aliases,coder_notes,conflicting_entities,subject_text_without_parties,subject_terms
126,Armed Activities on the Territory of the Congo (New Application: 2002) (Democratic Republic of the Congo v. Rwanda),1,2002-07-10,2002-07-10,Democratic Republic of the Congo v. Rwanda,Democratic Republic of the Congo,Rwanda,democratic republic of the congo,rwanda,AUTO_EXTRACTED_REQUIRES_CONFIRMATION,CONGO_DRC,CURATED_FOR_ENTITY_RETRIEVAL,democratic republic of the congo|drc|congo-kinshasa,rwanda|rwandan,,congo-brazzaville,Armed Activities on the Territory of the Congo (New Application: 2002),activities|armed|territory
128,Avena and Other Mexican Nationals (Mexico v. United States of America),1,2003-02-05,2003-02-05,Mexico v. United States of America,Mexico,United States of America,mexico,united states of america,AUTO_EXTRACTED_REQUIRES_CONFIRMATION,,CURATED_FOR_ENTITY_RETRIEVAL,mexico|mexican,united states of america|united states|usa|american,,,Avena and Other Mexican Nationals,avena|nationals
129,Certain Criminal Proceedings in France (Republic of the Congo v. France),1,2003-06-17,2003-06-17,Republic of the Congo v. France,Republic of the Congo,France,republic of the congo,france,AUTO_EXTRACTED_REQUIRES_CONFIRMATION,CONGO_BRAZZAVILLE,CURATED_FOR_ENTITY_RETRIEVAL,republic of the congo|congo-brazzaville,france|french,,democratic republic of the congo|drc|congo-kinshasa,Certain Criminal Proceedings in France,criminal
135,Pulp Mills on the River Uruguay (Argentina v. Uruguay),2,2006-07-13,2007-01-23,Argentina v. Uruguay,Argentina,Uruguay,argentina,uruguay,AUTO_EXTRACTED_REQUIRES_CONFIRMATION,,CURATED_FOR_ENTITY_RETRIEVAL,argentina|argentine|argentinian,uruguay|uruguayan,,,Pulp Mills on the River Uruguay,mills|pulp|river
139,Request for Interpretation of the Judgment of 31 March 2004 in the Case concerning Avena and Other Mexican Nationals (Mexico v. United States of America) (Mexico v. United States of America),1,2008-07-16,2008-07-16,Mexico v. United States of America,Mexico,United States of America,mexico,united states of america,AUTO_EXTRACTED_REQUIRES_CONFIRMATION,,CURATED_FOR_ENTITY_RETRIEVAL,mexico|mexican,united states of america|united states|usa|american,,,Request for Interpretation of the Judgment of 31 March 2004 in the Case concerning Avena and Other Mexican Nationals,avena|march|nationals
140,Application of the International Convention on the Elimination of All Forms of Racial Discrimination (Georgia v. Russian Federation),1,2008-10-15,2008-10-15,Georgia v. Russian Federation,Georgia,Russian Federation,georgia,russian federation,AUTO_EXTRACTED_REQUIRES_CONFIRMATION,,CURATED_FOR_ENTITY_RETRIEVAL,georgia|georgian,russian federation|russia|russian,,,Application of the International Convention on the Elimination of All Forms of Racial Discrimination,discrimination|elimination|forms|racial
144,Questions relating to the Obligation to Prosecute or Extradite (Belgium v. Senegal),1,2009-05-28,2009-05-28,Belgium v. Senegal,Belgium,Senegal,belgium,senegal,AUTO_EXTRACTED_REQUIRES_CONFIRMATION,,CURATED_FOR_ENTITY_RETRIEVAL,belgium|belgian,senegal|senegalese,,,Questions relating to the Obligation to Prosecute or Extradite,extradite|prosecute|questions
150,Certain Activities Carried Out by Nicaragua in the Border Area (Costa Rica v. Nicaragua),3,2011-03-08,2013-11-22,Costa Rica v. Nicaragua,Costa Rica,Nicaragua,costa rica,nicaragua,AUTO_EXTRACTED_REQUIRES_CONFIRMATION,,CURATED_FOR_ENTITY_RETRIEVAL,costa rica|costa rican,nicaragua|nicaraguan,,,Certain Activities Carried Out by Nicaragua in the Border Area,activities|area|border|carried
151,Request for Interpretation of the Judgment of 15 June 1962 in the Case concerning the Temple of Preah Vihear (Cambodia v. Thailand) (Cambodia v. Thailand),1,2011-07-18,2011-07-18,Cambodia v. Thailand,Cambodia,Thailand,cambodia,thailand,AUTO_EXTRACTED_REQUIRES_CONFIRMATION,,CURATED_FOR_ENTITY_RETRIEVAL,cambodia|cambodian,thailand|thai,,,Request for Interpretation of the Judgment of 15 June 1962 in the Case concerning the Temple of Preah Vihear,june|preah|temple|vihear
152,Construction of a Road in Costa Rica along the San Juan River (Nicaragua v. Costa Rica),1,2013-12-13,2013-12-13,Nicaragua v. Costa Rica,Nicaragua,Costa Rica,nicaragua,costa rica,AUTO_EXTRACTED_REQUIRES_CONFIRMATION,,CURATED_FOR_ENTITY_RETRIEVAL,nicaragua|nicaraguan,costa rica|costa rican,,,Construction of a Road in Costa Rica along the San Juan River,along|construction|juan|river|road
156,Questions relating to the Seizure and Detention of Certain Documents and Data (Timor-Leste v. Australia),2,2014-03-03,2015-04-22,Timor-Leste v. Australia,Timor-Leste,Australia,timor-leste,australia,AUTO_EXTRACTED_REQUIRES_CONFIRMATION,,CURATED_FOR_ENTITY_RETRIEVAL,timor-leste|east timor|timorese,australia|australian,,,Questions relating to the Seizure and Detention of Certain Documents and Data,data|detention|documents|questions|seizure
163,Immunities and Criminal Proceedings (Equatorial Guinea v. France),1,2016-12-07,2016-12-07,Equatorial Guinea v. France,Equatorial Guinea,France,equatorial guinea,france,AUTO_EXTRACTED_REQUIRES_CONFIRMATION,EQUATORIAL_GUINEA,CURATED_FOR_ENTITY_RETRIEVAL,equatorial guinea|equatoguinean,france|french,,guinea-bissau,Immunities and Criminal Proceedings,criminal|immunities
166,Application of the International Convention for the Suppression of the Financing of Terrorism and of the International Convention on the Elimination of All Forms of Racial Discrimination (Ukraine v. Russian Federation),1,2017-04-19,2017-04-19,Ukraine v. Russian Federation,Ukraine,Russian Federation,ukraine,russian federation,AUTO_EXTRACTED_REQUIRES_CONFIRMATION,,CURATED_FOR_ENTITY_RETRIEVAL,ukraine|ukrainian,russian federation|russia|russian,,,Application of the International Convention for the Suppression of the Financing of Terrorism and of the International Convention on the Elimination of All Forms of Racial Discrimination,discrimination|elimination|financing|forms|racial|suppression|terrorism
168,Jadhav (India v. Pakistan),1,2017-05-18,2017-05-18,India v. Pakistan,India,Pakistan,india,pakistan,AUTO_EXTRACTED_REQUIRES_CONFIRMATION,,CURATED_FOR_ENTITY_RETRIEVAL,india|indian,pakistan|pakistani,,,Jadhav,jadhav
172,Application of the International Convention on the Elimination of All Forms of Racial Discrimination (Qatar v. United Arab Emirates),2,2018-07-23,2019-06-14,Qatar v. United Arab Emirates,Qatar,United Arab Emirates,qatar,united arab emirates,AUTO_EXTRACTED_REQUIRES_CONFIRMATION,,CURATED_FOR_ENTITY_RETRIEVAL,qatar|qatari,united arab emirates|uae|emirati,,,Application of the International Convention on the Elimination of All Forms of Racial Discrimination,discrimination|elimination|forms|racial
178,Application of the Convention on the Prevention and Punishment of the Crime of Genocide (The Gambia v. Myanmar: 11 States intervening),1,2020-01-23,2020-01-23,The Gambia v. Myanmar: 11 States intervening,The Gambia,Myanmar,the gambia,myanmar 11 states intervening,AUTO_EXTRACTED_REQUIRES_CONFIRMATION,,CURATED_FOR_ENTITY_RETRIEVAL,the gambia|gambia|gambian,myanmar|burma|burmese|rohingya,,,Application of the Convention on the Prevention and Punishment of the Crime of Genocide,crime|genocide|prevention|punishment
180,Application of the International Convention on the Elimination of All Forms of Racial Discrimination (Armenia v. Azerbaijan),5,2021-12-07,2023-11-17,Armenia v. Azerbaijan,Armenia,Azerbaijan,armenia,azerbaijan,AUTO_EXTRACTED_REQUIRES_CONFIRMATION,,CURATED_FOR_ENTITY_RETRIEVAL,armenia|armenian,azerbaijan|azerbaijani,,,Application of the International Convention on the Elimination of All Forms of Racial Discrimination,discrimination|elimination|forms|racial
181,Application of the International Convention on the Elimination of All Forms of Racial Discrimination (Azerbaijan v. Armenia),2,2021-12-07,2023-02-22,Azerbaijan v. Armenia,Azerbaijan,Armenia,azerbaijan,armenia,AUTO_EXTRACTED_REQUIRES_CONFIRMATION,,CURATED_FOR_ENTITY_RETRIEVAL,azerbaijan|azerbaijani,armenia|armenian,,,Application of the International Convention on the Elimination of All Forms of Racial Discrimination,discrimination|elimination|forms|racial
182,Allegations of Genocide under the Convention on the Prevention and Punishment of the Crime of Genocide (Ukraine v. Russian Federation),1,2022-03-16,2022-03-16,Ukraine v. Russian Federation,Ukraine,Russian Federation,ukraine,russian federation,AUTO_EXTRACTED_REQUIRES_CONFIRMATION,,CURATED_FOR_ENTITY_RETRIEVAL,ukraine|ukrainian,russian federation|russia|russian,,,Allegations of Genocide under the Convention on the Prevention and Punishment of the Crime of Genocide,crime|genocide|prevention|punishment
183,Questions of jurisdictional immunities of the State and measures of constraint against State-owned property (Germany v. Italy),1,2022-05-10,2022-05-10,Germany v. Italy,Germany,Italy,germany,italy,AUTO_EXTRACTED_REQUIRES_CONFIRMATION,,CURATED_FOR_ENTITY_RETRIEVAL,germany|german,italy|italian,,,Questions of jurisdictional immunities of the State and measures of constraint against State-owned property,constraint|immunities|jurisdictional|property|questions|state-owned
184,Request relating to the Return of Property Confiscated in Criminal Proceedings (Equatorial Guinea v. France),2,2022-10-21,2025-09-12,Equatorial Guinea v. France,Equatorial Guinea,France,equatorial guinea,france,AUTO_EXTRACTED_REQUIRES_CONFIRMATION,EQUATORIAL_GUINEA,CURATED_FOR_ENTITY_RETRIEVAL,equatorial guinea|equatoguinean,france|french,,guinea-bissau,Request relating to the Return of Property Confiscated in Criminal Proceedings,confiscated|criminal|property|return
188,"Application of the Convention against Torture and Other Cruel, Inhuman or Degrading Treatment or Punishment (Canada and Netherlands v. Syrian Arab Republic)",1,2023-11-16,2023-11-16,Canada and Netherlands v. Syrian Arab Republic,Canada and Netherlands,Syrian Arab Republic,canada and netherlands,syrian arab republic,AUTO_EXTRACTED_REQUIRES_CONFIRMATION,,CURATED_FOR_ENTITY_RETRIEVAL,canada|canadian|netherlands|dutch,syrian arab republic|syria|syrian,,,"Application of the Convention against Torture and Other Cruel, Inhuman or Degrading Treatment or Punishment",cruel|degrading|inhuman|punishment|torture|treatment
171,Arbitral Award of 3 October 1899 (Guyana v. Venezuela),2,2023-12-01,2025-05-01,Guyana v. Venezuela,Guyana,Venezuela,guyana,venezuela,AUTO_EXTRACTED_REQUIRES_CONFIRMATION,,CURATED_FOR_ENTITY_RETRIEVAL,guyana|guyanese,venezuela|venezuelan|essequibo,,,Arbitral Award of 3 October 1899,arbitral|award|october
192,Application of the Convention on the Prevention and Punishment of the Crime of Genocide in the Gaza Strip (South Africa v. Israel),3,2024-01-26,2024-05-24,South Africa v. Israel,South Africa,Israel,south africa,israel,AUTO_EXTRACTED_REQUIRES_CONFIRMATION,,CURATED_FOR_ENTITY_RETRIEVAL,south africa|south african,israel|israeli,,,Application of the Convention on the Prevention and Punishment of the Crime of Genocide in the Gaza Strip,crime|gaza|genocide|prevention|punishment|strip
193,Alleged Breaches of Certain International Obligations in respect of the Occupied Palestinian Territory (Nicaragua v. Germany),1,2024-04-30,2024-04-30,Nicaragua v. Germany,Nicaragua,Germany,nicaragua,germany,AUTO_EXTRACTED_REQUIRES_CONFIRMATION,,CURATED_FOR_ENTITY_RETRIEVAL,nicaragua|nicaraguan,germany|german,,,Alleged Breaches of Certain International Obligations in respect of the Occupied Palestinian Territory,breaches|occupied|palestinian|territory
194,Embassy of Mexico in Quito (Mexico v. Ecuador),1,2024-05-23,2024-05-23,Mexico v. Ecuador,Mexico,Ecuador,mexico,ecuador,AUTO_EXTRACTED_REQUIRES_CONFIRMATION,,CURATED_FOR_ENTITY_RETRIEVAL,mexico|mexican,ecuador|ecuadorian,,,Embassy of Mexico in Quito,embassy|quito
197,Application of the Convention on the Prevention and Punishment of the Crime of Genocide in Sudan (Sudan v. United Arab Emirates),1,2025-05-05,2025-05-05,Sudan v. United Arab Emirates,Sudan,United Arab Emirates,sudan,united arab emirates,AUTO_EXTRACTED_REQUIRES_CONFIRMATION,SUDAN,CURATED_FOR_ENTITY_RETRIEVAL,sudan|sudanese,united arab emirates|uae|emirati,,south sudan,Application of the Convention on the Prevention and Punishment of the Crime of Genocide in Sudan,crime|genocide|prevention|punishment
