case_number,case_title,applicant,respondent,applicant_aliases,respondent_aliases,respondent_p5,case_distinctive_terms,official_sc_agenda_titles,known_relevant_un_symbols,exclusion_terms_or_files,p5_protected_ally,dictionary_status,source_lexicon
126,Armed Activities on the Territory of the Congo (New Application: 2002) (Democratic Republic of the Congo v. Rwanda),Democratic Republic of the Congo,Rwanda,democratic republic of the congo|drc|congo-kinshasa,rwanda|rwandan,0,democratic republic of the congo|drc|congo-kinshasa|rwanda,the situation concerning the democratic republic of the congo|great lakes region,S/RES/1417|S/RES/1445,international criminal tribunal for rwanda|ictr|republic of the congo|congo-brazzaville,PENDING_SUBSTANTIVE_CODING,CURATED_V1_REQUIRES_SECOND_REVIEW,data/analysis/icj_case_party_issue_lexicon_v4.csv
128,Avena and Other Mexican Nationals (Mexico v. United States of America),Mexico,United States of America,mexico|mexican,united states of america|united states|usa|american,1,avena|mexican nationals|vienna convention on consular relations,,A/RES/73/257,election of members of the international court of justice,PENDING_SUBSTANTIVE_CODING,CURATED_V1_REQUIRES_SECOND_REVIEW,data/analysis/icj_case_party_issue_lexicon_v4.csv
129,Certain Criminal Proceedings in France (Republic of the Congo v. France),Republic of the Congo,France,republic of the congo|congo-brazzaville,france|french,1,certain criminal proceedings in france|sassou nguesso|meaux|universal jurisdiction,,,democratic republic of the congo|congo-kinshasa|rwanda|ictr,PENDING_SUBSTANTIVE_CODING,CURATED_V1_REQUIRES_SECOND_REVIEW,data/analysis/icj_case_party_issue_lexicon_v4.csv
135,Pulp Mills on the River Uruguay (Argentina v. Uruguay),Argentina,Uruguay,argentina|argentine|argentinian,uruguay|uruguayan,0,pulp mills|river uruguay|botnia|fray bentos|caru,,,uruguay round|unrelated argentina or uruguay country resolutions,PENDING_SUBSTANTIVE_CODING,CURATED_V1_REQUIRES_SECOND_REVIEW,data/analysis/icj_case_party_issue_lexicon_v4.csv
139,Request for Interpretation of the Judgment of 31 March 2004 in the Case concerning Avena and Other Mexican Nationals (Mexico v. United States of America) (Mexico v. United States of America),Mexico,United States of America,mexico|mexican,united states of america|united states|usa|american,1,avena|medellin|mexican nationals|judgment of 31 march 2004,,A/RES/73/257,election of members of the international court of justice,PENDING_SUBSTANTIVE_CODING,CURATED_V1_REQUIRES_SECOND_REVIEW,data/analysis/icj_case_party_issue_lexicon_v4.csv
140,Application of the International Convention on the Elimination of All Forms of Racial Discrimination (Georgia v. Russian Federation),Georgia,Russian Federation,georgia|georgian,russian federation|russia|russian,1,georgia|russian federation|south ossetia|abkhazia|cerd,the situation in georgia,S/2008/596,generic russian federation references|icj elections,PENDING_SUBSTANTIVE_CODING,CURATED_V1_REQUIRES_SECOND_REVIEW,data/analysis/icj_case_party_issue_lexicon_v4.csv
144,Questions relating to the Obligation to Prosecute or Extradite (Belgium v. Senegal),Belgium,Senegal,belgium|belgian,senegal|senegalese,0,hissene habre|prosecute or extradite|belgium|senegal|convention against torture,,,generic senegal or belgium references,PENDING_SUBSTANTIVE_CODING,CURATED_V1_REQUIRES_SECOND_REVIEW,data/analysis/icj_case_party_issue_lexicon_v4.csv
150,Certain Activities Carried Out by Nicaragua in the Border Area (Costa Rica v. Nicaragua),Costa Rica,Nicaragua,costa rica|costa rican,nicaragua|nicaraguan,0,isla portillos|harbour head|san juan river|costa rica|nicaragua|cano,,,generic nicaragua or costa rica resolutions,PENDING_SUBSTANTIVE_CODING,CURATED_V1_REQUIRES_SECOND_REVIEW,data/analysis/icj_case_party_issue_lexicon_v4.csv
151,Request for Interpretation of the Judgment of 15 June 1962 in the Case concerning the Temple of Preah Vihear (Cambodia v. Thailand) (Cambodia v. Thailand),Cambodia,Thailand,cambodia|cambodian,thailand|thai,0,preah vihear|provisional demilitarized zone|cambodia|thailand,,,generic cambodia or thailand development resolutions,PENDING_SUBSTANTIVE_CODING,CURATED_V1_REQUIRES_SECOND_REVIEW,data/analysis/icj_case_party_issue_lexicon_v4.csv
152,Construction of a Road in Costa Rica along the San Juan River (Nicaragua v. Costa Rica),Nicaragua,Costa Rica,nicaragua|nicaraguan,costa rica|costa rican,0,construction of a road|route 1856|san juan river|costa rica|nicaragua,,,generic nicaragua or costa rica resolutions,PENDING_SUBSTANTIVE_CODING,CURATED_V1_REQUIRES_SECOND_REVIEW,data/analysis/icj_case_party_issue_lexicon_v4.csv
156,Questions relating to the Seizure and Detention of Certain Documents and Data (Timor-Leste v. Australia),Timor-Leste,Australia,timor-leste|east timor|timorese,australia|australian,0,timor-leste|australia|seized documents|collaery|asi o,the situation in timor-leste,,unmit or timor-leste events unrelated to seized legal documents,PENDING_SUBSTANTIVE_CODING,CURATED_V1_REQUIRES_SECOND_REVIEW,data/analysis/icj_case_party_issue_lexicon_v4.csv
163,Immunities and Criminal Proceedings (Equatorial Guinea v. France),Equatorial Guinea,France,equatorial guinea|equatoguinean,france|french,1,equatorial guinea|france|42 avenue foch|teodoro nguema obiang|diplomatic premises,,,return of confiscated property case 184|generic equatorial guinea resolutions,PENDING_SUBSTANTIVE_CODING,CURATED_V1_REQUIRES_SECOND_REVIEW,data/analysis/icj_case_party_issue_lexicon_v4.csv
166,Application of the International Convention for the Suppression of the Financing of Terrorism and of the International Convention on the Elimination of All Forms of Racial Discrimination (Ukraine v. Russian Federation),Ukraine,Russian Federation,ukraine|ukrainian,russian federation|russia|russian,1,ukraine|russian federation|crimea|crimean tatars|mejlis|cerd|terrorism financing,the situation in ukraine,S/2014/264,icj elections|unrelated russian federation agenda,PENDING_SUBSTANTIVE_CODING,CURATED_V1_REQUIRES_SECOND_REVIEW,data/analysis/icj_case_party_issue_lexicon_v4.csv
168,Jadhav (India v. Pakistan),India,Pakistan,india|indian,pakistan|pakistani,0,jadhav|kulbhushan|india|pakistan|vienna convention on consular relations,the india-pakistan question,,kashmir events without jadhav or consular link,PENDING_SUBSTANTIVE_CODING,CURATED_V1_REQUIRES_SECOND_REVIEW,data/analysis/icj_case_party_issue_lexicon_v4.csv
172,Application of the International Convention on the Elimination of All Forms of Racial Discrimination (Qatar v. United Arab Emirates),Qatar,United Arab Emirates,qatar|qatari,united arab emirates|uae|emirati,0,qatar|united arab emirates|uae|gulf blockade|cerd,,,generic qatar-hosted meetings|unrelated uae resolutions,PENDING_SUBSTANTIVE_CODING,CURATED_V1_REQUIRES_SECOND_REVIEW,data/analysis/icj_case_party_issue_lexicon_v4.csv
178,Application of the Convention on the Prevention and Punishment of the Crime of Genocide (The Gambia v. Myanmar: 11 States intervening),The Gambia,Myanmar,the gambia|gambia|gambian,myanmar|burma|burmese|rohingya,0,myanmar|gambia|rohingya|rakhine|genocide convention,the situation in myanmar,A/RES/74/246,other myanmar matters without rohingya or genocide nexus,PENDING_SUBSTANTIVE_CODING,CURATED_V1_REQUIRES_SECOND_REVIEW,data/analysis/icj_case_party_issue_lexicon_v4.csv
180,Application of the International Convention on the Elimination of All Forms of Racial Discrimination (Armenia v. Azerbaijan),Armenia,Azerbaijan,armenia|armenian,azerbaijan|azerbaijani,0,armenia|azerbaijan|nagorno-karabakh|lachin corridor|cerd,maintenance of international peace and security,S/2022/688,generic armenia or azerbaijan references unrelated to nagorno-karabakh,PENDING_SUBSTANTIVE_CODING,CURATED_V1_REQUIRES_SECOND_REVIEW,data/analysis/icj_case_party_issue_lexicon_v4.csv
181,Application of the International Convention on the Elimination of All Forms of Racial Discrimination (Azerbaijan v. Armenia),Azerbaijan,Armenia,azerbaijan|azerbaijani,armenia|armenian,0,azerbaijan|armenia|nagorno-karabakh|landmines|cerd,maintenance of international peace and security,S/2022/688,generic armenia or azerbaijan references unrelated to bilateral dispute,PENDING_SUBSTANTIVE_CODING,CURATED_V1_REQUIRES_SECOND_REVIEW,data/analysis/icj_case_party_issue_lexicon_v4.csv
182,Allegations of Genocide under the Convention on the Prevention and Punishment of the Crime of Genocide (Ukraine v. Russian Federation),Ukraine,Russian Federation,ukraine|ukrainian,russian federation|russia|russian,1,ukraine|russian federation|genocide convention|special military operation|donetsk|luhansk,the situation in ukraine,S/2022/155,icj elections|other russian federation matters|crimea-only events without case nexus,PENDING_SUBSTANTIVE_CODING,CURATED_V1_REQUIRES_SECOND_REVIEW,data/analysis/icj_case_party_issue_lexicon_v4.csv
183,Questions of jurisdictional immunities of the State and measures of constraint against State-owned property (Germany v. Italy),Germany,Italy,germany|german,italy|italian,0,germany|italy|jurisdictional immunities|state-owned property|villa vigoni,,,generic second world war commemoration or reparations,PENDING_SUBSTANTIVE_CODING,CURATED_V1_REQUIRES_SECOND_REVIEW,data/analysis/icj_case_party_issue_lexicon_v4.csv
184,Request relating to the Return of Property Confiscated in Criminal Proceedings (Equatorial Guinea v. France),Equatorial Guinea,France,equatorial guinea|equatoguinean,france|french,1,equatorial guinea|france|42 avenue foch|confiscated property|uncac|convention against corruption,,,immunities and criminal proceedings case 163|generic equatorial guinea resolutions,PENDING_SUBSTANTIVE_CODING,CURATED_V1_REQUIRES_SECOND_REVIEW,data/analysis/icj_case_party_issue_lexicon_v4.csv
188,"Application of the Convention against Torture and Other Cruel, Inhuman or Degrading Treatment or Punishment (Canada and Netherlands v. Syrian Arab Republic)",Canada and Netherlands,Syrian Arab Republic,canada|canadian|netherlands|dutch,syrian arab republic|syria|syrian,0,syria|canada|netherlands|torture|cidtp|convention against torture,the situation in the middle east|the situation in syria,,syria events without torture or case-specific nexus,PENDING_SUBSTANTIVE_CODING,CURATED_V1_REQUIRES_SECOND_REVIEW,data/analysis/icj_case_party_issue_lexicon_v4.csv
171,Arbitral Award of 3 October 1899 (Guyana v. Venezuela),Guyana,Venezuela,guyana|guyanese,venezuela|venezuelan|essequibo,0,guyana|venezuela|essequibo|guayana esequiba|arbitral award of 3 october 1899,maintenance of international peace and security,,generic guyana or venezuela references unrelated to essequibo,PENDING_SUBSTANTIVE_CODING,CURATED_V1_REQUIRES_SECOND_REVIEW,data/analysis/icj_case_party_issue_lexicon_v4.csv
192,Application of the Convention on the Prevention and Punishment of the Crime of Genocide in the Gaza Strip (South Africa v. Israel),South Africa,Israel,south africa|south african,israel|israeli,0,south africa|israel|gaza|genocide convention|rafah|palestinian group,the situation in the middle east including the palestinian question,S/RES/2712|S/RES/2720|S/RES/2728|S/RES/2735,occupied palestinian territory advisory opinion|nicaragua v germany case 193|icj elections,PENDING_SUBSTANTIVE_CODING,CURATED_V1_REQUIRES_SECOND_REVIEW,data/analysis/icj_case_party_issue_lexicon_v4.csv
193,Alleged Breaches of Certain International Obligations in respect of the Occupied Palestinian Territory (Nicaragua v. Germany),Nicaragua,Germany,nicaragua|nicaraguan,germany|german,0,nicaragua|germany|gaza|military assistance|unrwa|genocide convention,the situation in the middle east including the palestinian question,S/RES/2728,south africa v israel case 192|occupied palestinian territory advisory opinion,PENDING_SUBSTANTIVE_CODING,CURATED_V1_REQUIRES_SECOND_REVIEW,data/analysis/icj_case_party_issue_lexicon_v4.csv
194,Embassy of Mexico in Quito (Mexico v. Ecuador),Mexico,Ecuador,mexico|mexican,ecuador|ecuadorian,0,mexico|ecuador|embassy in quito|jorge glas|diplomatic premises|vienna convention on diplomatic relations,,,generic mexico or ecuador resolutions,PENDING_SUBSTANTIVE_CODING,CURATED_V1_REQUIRES_SECOND_REVIEW,data/analysis/icj_case_party_issue_lexicon_v4.csv
197,Application of the Convention on the Prevention and Punishment of the Crime of Genocide in Sudan (Sudan v. United Arab Emirates),Sudan,United Arab Emirates,sudan|sudanese,united arab emirates|uae|emirati,0,sudan|united arab emirates|uae|masalit|darfur|genocide convention|rapid support forces|rsf,reports of the secretary-general on the sudan and south sudan|the situation in the sudan,S/RES/2736,south sudan-only events|generic uae references|other genocide convention cases,PENDING_SUBSTANTIVE_CODING,CURATED_V1_REQUIRES_SECOND_REVIEW,data/analysis/icj_case_party_issue_lexicon_v4.csv
