stage6_pair_key,order_id,order_date,event_date,document_symbol,event_type,event_text_metadata,official_source_url,coder_id,coding_date,same_case_0_1,explicit_order_link_0_1,institutional_process_0_1,official_source_0_1,link_code,page_or_paragraph,coder_note
ICJ-140-2008-10-15||SC_FORMAL_VOTE::SCV|1166,ICJ-140-2008-10-15,2008-10-15,2009-02-13,S/PV.6082,SC_FORMAL_VOTE,Georgia | The situation in Georgia | S/2009/88 | 1866 (2009),https://documents.un.org/api/symbol/access?s=S%2FPV.6082&l=en&t=pdf,,,,,,,,,
ICJ-140-2008-10-15||SC_MEETING::SCM|S/PV.6082,ICJ-140-2008-10-15,2008-10-15,2009-02-13,S/PV.6082,SC_MEETING,The situation in Georgia,https://documents.un.org/api/symbol/access?s=S%2FPV.6082&l=en&t=pdf,,,,,,,,,
ICJ-171-2023-12-01||SC_FORMAL_VOTE::SCV|2083,ICJ-171-2023-12-01,2023-12-01,2024-01-10,S/PV.9527,SC_FORMAL_VOTE,Maintenance of international peace and security | Maintenance of international peace and security | S/2024/37 | 2722 (2024),https://documents.un.org/api/symbol/access?s=S%2FPV.9527&l=en&t=pdf,,,,,,,,,
ICJ-171-2023-12-01||SC_MEETING::SCM|S/PV.9525,ICJ-171-2023-12-01,2023-12-01,2024-01-03,S/PV.9525,SC_MEETING,Maintenance of international peace and security,https://documents.un.org/api/symbol/access?s=S%2FPV.9525&l=en&t=pdf,,,,,,,,,
ICJ-171-2023-12-01||SC_MEETING::SCM|S/PV.9527,ICJ-171-2023-12-01,2023-12-01,2024-01-10,S/PV.9527,SC_MEETING,Maintenance of international peace and security,https://documents.un.org/api/symbol/access?s=S%2FPV.9527&l=en&t=pdf,,,,,,,,,
ICJ-171-2023-12-01||SC_MEETING::SCM|S/PV.9532,ICJ-171-2023-12-01,2023-12-01,2024-01-12,S/PV.9532,SC_MEETING,Maintenance of international peace and security,https://documents.un.org/api/symbol/access?s=S%2FPV.9532&l=en&t=pdf,,,,,,,,,
ICJ-171-2023-12-01||SC_MEETING::SCM|S/PV.9542,ICJ-171-2023-12-01,2023-12-01,2024-02-05,S/PV.9542,SC_MEETING,Maintenance of international peace and security,https://documents.un.org/api/symbol/access?s=S%2FPV.9542&l=en&t=pdf,,,,,,,,,
ICJ-171-2023-12-01||SC_MEETING::SCM|S/PV.9547,ICJ-171-2023-12-01,2023-12-01,2024-02-13,S/PV.9547,SC_MEETING,Maintenance of international peace and security,https://documents.un.org/api/symbol/access?s=S%2FPV.9547&l=en&t=pdf,,,,,,,,,
ICJ-171-2023-12-01||SC_MEETING::SCM|S/PV.9547 (Resumption 1),ICJ-171-2023-12-01,2023-12-01,2024-02-13,S/PV.9547 (RESUMPTION 1),SC_MEETING,Maintenance of international peace and security,https://documents.un.org/api/symbol/access?s=S%2FPV.9547%20%28RESUMPTION%201%29&l=en&t=pdf,,,,,,,,,
ICJ-171-2023-12-01||SC_MEETING::SCM|S/PV.9547 (Resumption 2),ICJ-171-2023-12-01,2023-12-01,2024-02-14,S/PV.9547 (RESUMPTION 2),SC_MEETING,Maintenance of international peace and security,https://documents.un.org/api/symbol/access?s=S%2FPV.9547%20%28RESUMPTION%202%29&l=en&t=pdf,,,,,,,,,
ICJ-171-2023-12-01||SC_MEETING::SCM|S/PV.9579,ICJ-171-2023-12-01,2023-12-01,2024-03-18,S/PV.9579,SC_MEETING,Maintenance of international peace and security,https://documents.un.org/api/symbol/access?s=S%2FPV.9579&l=en&t=pdf,,,,,,,,,
ICJ-171-2023-12-01||SC_MEETING::SCM|S/PV.9592,ICJ-171-2023-12-01,2023-12-01,2024-03-28,S/PV.9592,SC_MEETING,Maintenance of international peace and security,https://documents.un.org/api/symbol/access?s=S%2FPV.9592&l=en&t=pdf,,,,,,,,,
ICJ-171-2023-12-01||SC_MEETING::SCM|S/PV.9606,ICJ-171-2023-12-01,2023-12-01,2024-04-17,S/PV.9606,SC_MEETING,Maintenance of international peace and security,https://documents.un.org/api/symbol/access?s=S%2FPV.9606&l=en&t=pdf,,,,,,,,,
ICJ-171-2023-12-01||SC_MEETING::SCM|S/PV.9606 (Resumption 1),ICJ-171-2023-12-01,2023-12-01,2024-04-26,S/PV.9606 (RESUMPTION 1),SC_MEETING,Maintenance of international peace and security,https://documents.un.org/api/symbol/access?s=S%2FPV.9606%20%28RESUMPTION%201%29&l=en&t=pdf,,,,,,,,,
ICJ-171-2023-12-01||SC_MEETING::SCM|S/PV.9633,ICJ-171-2023-12-01,2023-12-01,2024-05-23,S/PV.9633,SC_MEETING,Maintenance of international peace and security,https://documents.un.org/api/symbol/access?s=S%2FPV.9633&l=en&t=pdf,,,,,,,,,
ICJ-171-2023-12-01||SC_MEETING::SCM|S/PV.9633 (Resumption 1),ICJ-171-2023-12-01,2023-12-01,2024-05-23,S/PV.9633 (RESUMPTION 1),SC_MEETING,Maintenance of international peace and security,https://documents.un.org/api/symbol/access?s=S%2FPV.9633%20%28RESUMPTION%201%29&l=en&t=pdf,,,,,,,,,
ICJ-171-2023-12-01||SC_MEETING::SCM|S/PV.9637,ICJ-171-2023-12-01,2023-12-01,2024-05-28,S/PV.9637,SC_MEETING,Maintenance of international peace and security,https://documents.un.org/api/symbol/access?s=S%2FPV.9637&l=en&t=pdf,,,,,,,,,
ICJ-171-2025-05-01||SC_FORMAL_VOTE::SCV|2156,ICJ-171-2025-05-01,2025-05-01,2025-07-15,S/PV.9958,SC_FORMAL_VOTE,Maintenance of international peace and security | Maintenance of international peace and security | S/2025/462 | 2787 (2025),https://documents.un.org/api/symbol/access?s=S%2FPV.9958&l=en&t=pdf,,,,,,,,,
ICJ-171-2025-05-01||SC_FORMAL_VOTE::SCV|2157,ICJ-171-2025-05-01,2025-05-01,2025-07-22,S/PV.9962,SC_FORMAL_VOTE,Maintenance of international peace and security | Maintenance of international peace and security | S/2025/443 | 2788 (2025),https://documents.un.org/api/symbol/access?s=S%2FPV.9962&l=en&t=pdf,,,,,,,,,
ICJ-171-2025-05-01||SC_MEETING::SCM|S/PV.10005,ICJ-171-2025-05-01,2025-05-01,2025-09-24,S/PV.10005,SC_MEETING,Maintenance of international peace and security | SC/16180,https://documents.un.org/api/symbol/access?s=S%2FPV.10005&l=en&t=pdf,,,,,,,,,
ICJ-171-2025-05-01||SC_MEETING::SCM|S/PV.10005 (Resumption 1),ICJ-171-2025-05-01,2025-05-01,2025-09-25,S/PV.10005 (RESUMPTION 1),SC_MEETING,Maintenance of international peace and security | SC/16180,https://documents.un.org/api/symbol/access?s=S%2FPV.10005%20%28RESUMPTION%201%29&l=en&t=pdf,,,,,,,,,
ICJ-171-2025-05-01||SC_MEETING::SCM|S/PV.10005 (Resumption 2),ICJ-171-2025-05-01,2025-05-01,2025-09-26,S/PV.10005 (RESUMPTION 2),SC_MEETING,Maintenance of international peace and security | SC/16180,https://documents.un.org/api/symbol/access?s=S%2FPV.10005%20%28RESUMPTION%202%29&l=en&t=pdf,,,,,,,,,
ICJ-171-2025-05-01||SC_MEETING::SCM|S/PV.10024,ICJ-171-2025-05-01,2025-05-01,2025-10-24,S/PV.10024,SC_MEETING,Maintenance of international peace and security,https://documents.un.org/api/symbol/access?s=S%2FPV.10024&l=en&t=pdf,,,,,,,,,
ICJ-171-2025-05-01||SC_MEETING::SCM|S/PV.10024 (Resumption 1),ICJ-171-2025-05-01,2025-05-01,2025-10-24,S/PV.10024 (RESUMPTION 1),SC_MEETING,Maintenance of international peace and security | SC/16201,https://documents.un.org/api/symbol/access?s=S%2FPV.10024%20%28RESUMPTION%201%29&l=en&t=pdf,,,,,,,,,
ICJ-171-2025-05-01||SC_MEETING::SCM|S/PV.9919,ICJ-171-2025-05-01,2025-05-01,2025-05-20,S/PV.9919,SC_MEETING,Maintenance of international peace and security | SC/16065,https://documents.un.org/api/symbol/access?s=S%2FPV.9919&l=en&t=pdf,,,,,,,,,
ICJ-171-2025-05-01||SC_MEETING::SCM|S/PV.9919 (Resumption 1),ICJ-171-2025-05-01,2025-05-01,2025-05-20,S/PV.9919 (RESUMPTION 1),SC_MEETING,Maintenance of international peace and security | SC/16065,https://documents.un.org/api/symbol/access?s=S%2FPV.9919%20%28RESUMPTION%201%29&l=en&t=pdf,,,,,,,,,
ICJ-171-2025-05-01||SC_MEETING::SCM|S/PV.9919 (Resumption 2),ICJ-171-2025-05-01,2025-05-01,2025-05-21,S/PV.9919 (RESUMPTION 2),SC_MEETING,Maintenance of international peace and security | SC/16065,https://documents.un.org/api/symbol/access?s=S%2FPV.9919%20%28RESUMPTION%202%29&l=en&t=pdf,,,,,,,,,
ICJ-171-2025-05-01||SC_MEETING::SCM|S/PV.9938,ICJ-171-2025-05-01,2025-05-01,2025-06-19,S/PV.9938,SC_MEETING,Maintenance of international peace and security | SC/16091,https://documents.un.org/api/symbol/access?s=S%2FPV.9938&l=en&t=pdf,,,,,,,,,
ICJ-171-2025-05-01||SC_MEETING::SCM|S/PV.9938 (Resumption 1),ICJ-171-2025-05-01,2025-05-01,2025-06-19,S/PV.9938 (RESUMPTION 1),SC_MEETING,Maintenance of international peace and security | SC/16091,https://documents.un.org/api/symbol/access?s=S%2FPV.9938%20%28RESUMPTION%201%29&l=en&t=pdf,,,,,,,,,
ICJ-171-2025-05-01||SC_MEETING::SCM|S/PV.9938 (Resumption 2),ICJ-171-2025-05-01,2025-05-01,2025-06-23,S/PV.9938 (RESUMPTION 2),SC_MEETING,Maintenance of international peace and security | SC/16091,https://documents.un.org/api/symbol/access?s=S%2FPV.9938%20%28RESUMPTION%202%29&l=en&t=pdf,,,,,,,,,
ICJ-171-2025-05-01||SC_MEETING::SCM|S/PV.9958,ICJ-171-2025-05-01,2025-05-01,2025-07-15,S/PV.9958,SC_MEETING,Maintenance of international peace and security | SC/16120,https://documents.un.org/api/symbol/access?s=S%2FPV.9958&l=en&t=pdf,,,,,,,,,
ICJ-171-2025-05-01||SC_MEETING::SCM|S/PV.9962,ICJ-171-2025-05-01,2025-05-01,2025-07-22,S/PV.9962,SC_MEETING,Maintenance of international peace and security | SC/16125,https://documents.un.org/api/symbol/access?s=S%2FPV.9962&l=en&t=pdf,,,,,,,,,
ICJ-171-2025-05-01||SC_MEETING::SCM|S/PV.9962 (Resumption 1),ICJ-171-2025-05-01,2025-05-01,2025-07-22,S/PV.9962 (RESUMPTION 1),SC_MEETING,Maintenance of international peace and security | SC/16125,https://documents.un.org/api/symbol/access?s=S%2FPV.9962%20%28RESUMPTION%201%29&l=en&t=pdf,,,,,,,,,
ICJ-171-2025-05-01||SC_MEETING::SCM|S/PV.9962 (Resumption 2),ICJ-171-2025-05-01,2025-05-01,2025-07-24,S/PV.9962 (RESUMPTION 2),SC_MEETING,Maintenance of international peace and security | SC/16125,https://documents.un.org/api/symbol/access?s=S%2FPV.9962%20%28RESUMPTION%202%29&l=en&t=pdf,,,,,,,,,
ICJ-171-2025-05-01||SC_MEETING::SCM|S/PV.9969,ICJ-171-2025-05-01,2025-05-01,2025-07-29,S/PV.9969,SC_MEETING,Maintenance of international peace and security | SC/16132,https://documents.un.org/api/symbol/access?s=S%2FPV.9969&l=en&t=pdf,,,,,,,,,
ICJ-171-2025-05-01||SC_MEETING::SCM|S/PV.9977,ICJ-171-2025-05-01,2025-05-01,2025-08-11,S/PV.9977,SC_MEETING,Maintenance of international peace and security | SC/16142,https://documents.un.org/api/symbol/access?s=S%2FPV.9977&l=en&t=pdf,,,,,,,,,
ICJ-171-2025-05-01||SC_MEETING::SCM|S/PV.9977 (Resumption 1),ICJ-171-2025-05-01,2025-05-01,2025-08-12,S/PV.9977 (RESUMPTION 1),SC_MEETING,Maintenance of international peace and security | SC/16142,https://documents.un.org/api/symbol/access?s=S%2FPV.9977%20%28RESUMPTION%201%29&l=en&t=pdf,,,,,,,,,
ICJ-171-2025-05-01||SC_MEETING::SCM|S/PV.9977 (Resumption 2),ICJ-171-2025-05-01,2025-05-01,2025-08-12,S/PV.9977 (RESUMPTION 2),SC_MEETING,Maintenance of international peace and security | SC/16142,https://documents.un.org/api/symbol/access?s=S%2FPV.9977%20%28RESUMPTION%202%29&l=en&t=pdf,,,,,,,,,
ICJ-171-2025-05-01||SC_MEETING::SCM|S/PV.9991,ICJ-171-2025-05-01,2025-05-01,2025-09-09,S/PV.9991,SC_MEETING,Maintenance of international peace and security | SC/16162,https://documents.un.org/api/symbol/access?s=S%2FPV.9991&l=en&t=pdf,,,,,,,,,
ICJ-171-2025-05-01||SC_MEETING::SCM|S/PV.9991 (Resumption 1),ICJ-171-2025-05-01,2025-05-01,2025-09-09,S/PV.9991 (RESUMPTION 1),SC_MEETING,Maintenance of international peace and security | SC/16162,https://documents.un.org/api/symbol/access?s=S%2FPV.9991%20%28RESUMPTION%201%29&l=en&t=pdf,,,,,,,,,
ICJ-171-2025-05-01||SC_MEETING::SCM|S/PV.9991 (Resumption 2),ICJ-171-2025-05-01,2025-05-01,2025-09-10,S/PV.9991 (RESUMPTION 2),SC_MEETING,Maintenance of international peace and security | SC/16162,https://documents.un.org/api/symbol/access?s=S%2FPV.9991%20%28RESUMPTION%202%29&l=en&t=pdf,,,,,,,,,
ICJ-180-2021-12-07||SC_FORMAL_VOTE::SCV|1952,ICJ-180-2021-12-07,2021-12-07,2021-12-13,S/PV.8926,SC_FORMAL_VOTE,Maintenance of international peace and security | Maintenance of international peace and security | S/2021/990,https://documents.un.org/api/symbol/access?s=S%2FPV.8926&l=en&t=pdf,,,,,,,,,
ICJ-180-2021-12-07||SC_FORMAL_VOTE::SCV|1960,ICJ-180-2021-12-07,2021-12-07,2021-12-22,S/PV.8942,SC_FORMAL_VOTE,Maintenance of international peace and security | Maintenance of international peace and security | S/2021/1075 | 2616 (2021),https://documents.un.org/api/symbol/access?s=S%2FPV.8942&l=en&t=pdf,,,,,,,,,
ICJ-180-2021-12-07||SC_MEETING::SCM|S/PV.8923,ICJ-180-2021-12-07,2021-12-07,2021-12-09,S/PV.8923,SC_MEETING,Maintenance of international peace and security,https://documents.un.org/api/symbol/access?s=S%2FPV.8923&l=en&t=pdf,,,,,,,,,
ICJ-180-2021-12-07||SC_MEETING::SCM|S/PV.8923 (Resumption 1),ICJ-180-2021-12-07,2021-12-07,2021-12-09,S/PV.8923 (RESUMPTION 1),SC_MEETING,Maintenance of international peace and security,https://documents.un.org/api/symbol/access?s=S%2FPV.8923%20%28RESUMPTION%201%29&l=en&t=pdf,,,,,,,,,
ICJ-180-2021-12-07||SC_MEETING::SCM|S/PV.8926,ICJ-180-2021-12-07,2021-12-07,2021-12-13,S/PV.8926,SC_MEETING,Maintenance of international peace and security,https://documents.un.org/api/symbol/access?s=S%2FPV.8926&l=en&t=pdf,,,,,,,,,
ICJ-180-2021-12-07||SC_MEETING::SCM|S/PV.8942,ICJ-180-2021-12-07,2021-12-07,2021-12-22,S/PV.8942,SC_MEETING,Maintenance of international peace and security,https://documents.un.org/api/symbol/access?s=S%2FPV.8942&l=en&t=pdf,,,,,,,,,
ICJ-180-2021-12-07||SC_MEETING::SCM|S/PV.9014,ICJ-180-2021-12-07,2021-12-07,2022-04-11,S/PV.9014,SC_MEETING,Maintenance of international peace and security,https://documents.un.org/api/symbol/access?s=S%2FPV.9014&l=en&t=pdf,,,,,,,,,
ICJ-180-2021-12-07||SC_MEETING::SCM|S/PV.9036,ICJ-180-2021-12-07,2021-12-07,2022-05-19,S/PV.9036,SC_MEETING,Maintenance of international peace and security,https://documents.un.org/api/symbol/access?s=S%2FPV.9036&l=en&t=pdf,,,,,,,,,
ICJ-180-2021-12-07||SC_MEETING::SCM|S/PV.9036 (Resumption 1),ICJ-180-2021-12-07,2021-12-07,2022-05-19,S/PV.9036 (RESUMPTION 1),SC_MEETING,Maintenance of international peace and security,https://documents.un.org/api/symbol/access?s=S%2FPV.9036%20%28RESUMPTION%201%29&l=en&t=pdf,,,,,,,,,
ICJ-180-2021-12-07||SC_MEETING::SCM|S/PV.9039,ICJ-180-2021-12-07,2021-12-07,2022-05-23,S/PV.9039,SC_MEETING,Maintenance of international peace and security,https://documents.un.org/api/symbol/access?s=S%2FPV.9039&l=en&t=pdf,,,,,,,,,
ICJ-180-2021-12-07||SC_MEETING::SCM|S/PV.9052,ICJ-180-2021-12-07,2021-12-07,2022-06-02,S/PV.9052,SC_MEETING,Maintenance of international peace and security,https://documents.un.org/api/symbol/access?s=S%2FPV.9052&l=en&t=pdf,,,,,,,,,
ICJ-180-2021-12-07||SC_MEETING::SCM|S/PV.9052 (Resumption 1),ICJ-180-2021-12-07,2021-12-07,2022-06-02,S/PV.9052 (RESUMPTION 1),SC_MEETING,Maintenance of international peace and security,https://documents.un.org/api/symbol/access?s=S%2FPV.9052%20%28RESUMPTION%201%29&l=en&t=pdf,,,,,,,,,
ICJ-180-2022-10-12||SC_MEETING::SCM|S/PV.9167,ICJ-180-2022-10-12,2022-10-12,2022-10-26,S/PV.9167,SC_MEETING,Maintenance of international peace and security,https://documents.un.org/api/symbol/access?s=S%2FPV.9167&l=en&t=pdf,,,,,,,,,
ICJ-180-2022-10-12||SC_MEETING::SCM|S/PV.9220,ICJ-180-2022-10-12,2022-10-12,2022-12-14,S/PV.9220,SC_MEETING,Maintenance of international peace and security,https://documents.un.org/api/symbol/access?s=S%2FPV.9220&l=en&t=pdf,,,,,,,,,
ICJ-180-2022-10-12||SC_MEETING::SCM|S/PV.9220 (Resumption 1),ICJ-180-2022-10-12,2022-10-12,2022-12-14,S/PV.9220 (RESUMPTION 1),SC_MEETING,Maintenance of international peace and security,https://documents.un.org/api/symbol/access?s=S%2FPV.9220%20%28RESUMPTION%201%29&l=en&t=pdf,,,,,,,,,
ICJ-180-2022-10-12||SC_MEETING::SCM|S/PV.9228,ICJ-180-2022-10-12,2022-10-12,2022-12-20,S/PV.9228,SC_MEETING,Letter dated 13 September 2022 from the Permanent Representative of Armenia to the United Nations addressed to the President of the Security Council (S/2022/688),https://documents.un.org/api/symbol/access?s=S%2FPV.9228&l=en&t=pdf,,,,,,,,,
ICJ-180-2022-10-12||SC_MEETING::SCM|S/PV.9241,ICJ-180-2022-10-12,2022-10-12,2023-01-12,S/PV.9241,SC_MEETING,The promotion and strengthening of the rule of law in the maintenance of international peace and security,https://documents.un.org/api/symbol/access?s=S%2FPV.9241&l=en&t=pdf,,,,,,,,,
ICJ-180-2022-10-12||SC_MEETING::SCM|S/PV.9241 (Resumption 1),ICJ-180-2022-10-12,2022-10-12,2023-01-12,S/PV.9241 (RESUMPTION 1),SC_MEETING,The promotion and strengthening of the rule of law in the maintenance of international peace and security,https://documents.un.org/api/symbol/access?s=S%2FPV.9241%20%28RESUMPTION%201%29&l=en&t=pdf,,,,,,,,,
ICJ-180-2022-10-12||SC_MEETING::SCM|S/PV.9285,ICJ-180-2022-10-12,2022-10-12,2023-03-16,S/PV.9285,SC_MEETING,Maintenance of international peace and security,https://documents.un.org/api/symbol/access?s=S%2FPV.9285&l=en&t=pdf,,,,,,,,,
ICJ-180-2023-02-22||SC_FORMAL_VOTE::SCV|2038,ICJ-180-2023-02-22,2023-02-22,2023-06-14,S/PV.9347,SC_FORMAL_VOTE,Maintenance of international peace and security | Maintenance of international peace and security | S/2023/427 | 2686 (2023),https://documents.un.org/api/symbol/access?s=S%2FPV.9347&l=en&t=pdf,,,,,,,,,
ICJ-180-2023-02-22||SC_MEETING::SCM|S/PV.9285,ICJ-180-2023-02-22,2023-02-22,2023-03-16,S/PV.9285,SC_MEETING,Maintenance of international peace and security,https://documents.un.org/api/symbol/access?s=S%2FPV.9285&l=en&t=pdf,,,,,,,,,
ICJ-180-2023-02-22||SC_MEETING::SCM|S/PV.9308,ICJ-180-2023-02-22,2023-02-22,2023-04-24,S/PV.9308,SC_MEETING,Maintenance of international peace and security,https://documents.un.org/api/symbol/access?s=S%2FPV.9308&l=en&t=pdf,,,,,,,,,
ICJ-180-2023-02-22||SC_MEETING::SCM|S/PV.9308 (Resumption 1),ICJ-180-2023-02-22,2023-02-22,2023-04-24,S/PV.9308 (RESUMPTION 1),SC_MEETING,Maintenance of international peace and security,https://documents.un.org/api/symbol/access?s=S%2FPV.9308%20%28RESUMPTION%201%29&l=en&t=pdf,,,,,,,,,
ICJ-180-2023-02-22||SC_MEETING::SCM|S/PV.9346,ICJ-180-2023-02-22,2023-02-22,2023-06-14,S/PV.9346,SC_MEETING,Maintenance of international peace and security,https://documents.un.org/api/symbol/access?s=S%2FPV.9346&l=en&t=pdf,,,,,,,,,
ICJ-180-2023-02-22||SC_MEETING::SCM|S/PV.9347,ICJ-180-2023-02-22,2023-02-22,2023-06-14,S/PV.9347,SC_MEETING,Maintenance of international peace and security,https://documents.un.org/api/symbol/access?s=S%2FPV.9347&l=en&t=pdf,,,,,,,,,
ICJ-180-2023-02-22||SC_MEETING::SCM|S/PV.9381,ICJ-180-2023-02-22,2023-02-22,2023-07-18,S/PV.9381,SC_MEETING,Maintenance of international peace and security,https://documents.un.org/api/symbol/access?s=S%2FPV.9381&l=en&t=pdf,,,,,,,,,
ICJ-180-2023-02-22||SC_MEETING::SCM|S/PV.9392,ICJ-180-2023-02-22,2023-02-22,2023-08-03,S/PV.9392,SC_MEETING,Maintenance of international peace and security,https://documents.un.org/api/symbol/access?s=S%2FPV.9392&l=en&t=pdf,,,,,,,,,
ICJ-180-2023-02-22||SC_MEETING::SCM|S/PV.9392 (Resumption 1),ICJ-180-2023-02-22,2023-02-22,2023-08-03,S/PV.9392 (RESUMPTION 1),SC_MEETING,Maintenance of international peace and security,https://documents.un.org/api/symbol/access?s=S%2FPV.9392%20%28RESUMPTION%201%29&l=en&t=pdf,,,,,,,,,
ICJ-180-2023-02-22||SC_MEETING::SCM|S/PV.9397,ICJ-180-2023-02-22,2023-02-22,2023-08-16,S/PV.9397,SC_MEETING,Letter dated 13 September 2022 from the Permanent Representative of Armenia to the United Nations addressed to the President of the Security Council (S/2022/688),https://documents.un.org/api/symbol/access?s=S%2FPV.9397&l=en&t=pdf,,,,,,,,,
ICJ-180-2023-07-06||SC_FORMAL_VOTE::SCV|2054,ICJ-180-2023-07-06,2023-07-06,2023-09-29,S/PV.9429,SC_FORMAL_VOTE,Maintenance of international peace and security | Maintenance of international peace and security | S/2023/708 | 2698 (2023),https://documents.un.org/api/symbol/access?s=S%2FPV.9429&l=en&t=pdf,,,,,,,,,
ICJ-180-2023-07-06||SC_MEETING::SCM|S/PV.9381,ICJ-180-2023-07-06,2023-07-06,2023-07-18,S/PV.9381,SC_MEETING,Maintenance of international peace and security,https://documents.un.org/api/symbol/access?s=S%2FPV.9381&l=en&t=pdf,,,,,,,,,
ICJ-180-2023-07-06||SC_MEETING::SCM|S/PV.9392,ICJ-180-2023-07-06,2023-07-06,2023-08-03,S/PV.9392,SC_MEETING,Maintenance of international peace and security,https://documents.un.org/api/symbol/access?s=S%2FPV.9392&l=en&t=pdf,,,,,,,,,
ICJ-180-2023-07-06||SC_MEETING::SCM|S/PV.9392 (Resumption 1),ICJ-180-2023-07-06,2023-07-06,2023-08-03,S/PV.9392 (RESUMPTION 1),SC_MEETING,Maintenance of international peace and security,https://documents.un.org/api/symbol/access?s=S%2FPV.9392%20%28RESUMPTION%201%29&l=en&t=pdf,,,,,,,,,
ICJ-180-2023-07-06||SC_MEETING::SCM|S/PV.9397,ICJ-180-2023-07-06,2023-07-06,2023-08-16,S/PV.9397,SC_MEETING,Letter dated 13 September 2022 from the Permanent Representative of Armenia to the United Nations addressed to the President of the Security Council (S/2022/688),https://documents.un.org/api/symbol/access?s=S%2FPV.9397&l=en&t=pdf,,,,,,,,,
ICJ-180-2023-07-06||SC_MEETING::SCM|S/PV.9418,ICJ-180-2023-07-06,2023-07-06,2023-09-14,S/PV.9418,SC_MEETING,Maintenance of international peace and security,https://documents.un.org/api/symbol/access?s=S%2FPV.9418&l=en&t=pdf,,,,,,,,,
ICJ-180-2023-07-06||SC_MEETING::SCM|S/PV.9418 (Resumption 1),ICJ-180-2023-07-06,2023-07-06,2023-09-14,S/PV.9418 (RESUMPTION 1),SC_MEETING,Maintenance of international peace and security,https://documents.un.org/api/symbol/access?s=S%2FPV.9418%20%28RESUMPTION%201%29&l=en&t=pdf,,,,,,,,,
ICJ-180-2023-07-06||SC_MEETING::SCM|S/PV.9421,ICJ-180-2023-07-06,2023-07-06,2023-09-20,S/PV.9421,SC_MEETING,Maintenance of international peace and security,https://documents.un.org/api/symbol/access?s=S%2FPV.9421&l=en&t=pdf,,,,,,,,,
ICJ-180-2023-07-06||SC_MEETING::SCM|S/PV.9421 (Resumption 1),ICJ-180-2023-07-06,2023-07-06,2023-09-20,S/PV.9421 (RESUMPTION 1),SC_MEETING,Maintenance of international peace and security,https://documents.un.org/api/symbol/access?s=S%2FPV.9421%20%28RESUMPTION%201%29&l=en&t=pdf,,,,,,,,,
ICJ-180-2023-07-06||SC_MEETING::SCM|S/PV.9421 (Resumption 2),ICJ-180-2023-07-06,2023-07-06,2023-09-21,S/PV.9421 (RESUMPTION 2),SC_MEETING,Maintenance of international peace and security,https://documents.un.org/api/symbol/access?s=S%2FPV.9421%20%28RESUMPTION%202%29&l=en&t=pdf,,,,,,,,,
ICJ-180-2023-07-06||SC_MEETING::SCM|S/PV.9422,ICJ-180-2023-07-06,2023-07-06,2023-09-21,S/PV.9422,SC_MEETING,Letter dated 13 September 2022 from the Permanent Representative of Armenia to the United Nations addressed to the President of the Security Council (S/2022/688),https://documents.un.org/api/symbol/access?s=S%2FPV.9422&l=en&t=pdf,,,,,,,,,
ICJ-180-2023-07-06||SC_MEETING::SCM|S/PV.9428,ICJ-180-2023-07-06,2023-07-06,2023-09-28,S/PV.9428,SC_MEETING,Maintenance of international peace and security,https://documents.un.org/api/symbol/access?s=S%2FPV.9428&l=en&t=pdf,,,,,,,,,
ICJ-180-2023-07-06||SC_MEETING::SCM|S/PV.9429,ICJ-180-2023-07-06,2023-07-06,2023-09-29,S/PV.9429,SC_MEETING,Maintenance of international peace and security,https://documents.un.org/api/symbol/access?s=S%2FPV.9429&l=en&t=pdf,,,,,,,,,
ICJ-180-2023-07-06||SC_MEETING::SCM|S/PV.9448,ICJ-180-2023-07-06,2023-07-06,2023-10-20,S/PV.9448,SC_MEETING,Maintenance of international peace and security,https://documents.un.org/api/symbol/access?s=S%2FPV.9448&l=en&t=pdf,,,,,,,,,
ICJ-180-2023-07-06||SC_MEETING::SCM|S/PV.9448 (Resumption 1),ICJ-180-2023-07-06,2023-07-06,2023-10-20,S/PV.9448 (RESUMPTION 1),SC_MEETING,Maintenance of international peace and security,https://documents.un.org/api/symbol/access?s=S%2FPV.9448%20%28RESUMPTION%201%29&l=en&t=pdf,,,,,,,,,
ICJ-180-2023-07-06||SC_MEETING::SCM|S/PV.9482,ICJ-180-2023-07-06,2023-07-06,2023-11-20,S/PV.9482,SC_MEETING,Maintenance of international peace and security,https://documents.un.org/api/symbol/access?s=S%2FPV.9482&l=en&t=pdf,,,,,,,,,
ICJ-180-2023-07-06||SC_MEETING::SCM|S/PV.9482 (Resumption 1),ICJ-180-2023-07-06,2023-07-06,2023-11-20,S/PV.9482 (RESUMPTION 1),SC_MEETING,Maintenance of international peace and security,https://documents.un.org/api/symbol/access?s=S%2FPV.9482%20%28RESUMPTION%201%29&l=en&t=pdf,,,,,,,,,
ICJ-180-2023-11-17||SC_FORMAL_VOTE::SCV|2083,ICJ-180-2023-11-17,2023-11-17,2024-01-10,S/PV.9527,SC_FORMAL_VOTE,Maintenance of international peace and security | Maintenance of international peace and security | S/2024/37 | 2722 (2024),https://documents.un.org/api/symbol/access?s=S%2FPV.9527&l=en&t=pdf,,,,,,,,,
ICJ-180-2023-11-17||SC_MEETING::SCM|S/PV.9482,ICJ-180-2023-11-17,2023-11-17,2023-11-20,S/PV.9482,SC_MEETING,Maintenance of international peace and security,https://documents.un.org/api/symbol/access?s=S%2FPV.9482&l=en&t=pdf,,,,,,,,,
ICJ-180-2023-11-17||SC_MEETING::SCM|S/PV.9482 (Resumption 1),ICJ-180-2023-11-17,2023-11-17,2023-11-20,S/PV.9482 (RESUMPTION 1),SC_MEETING,Maintenance of international peace and security,https://documents.un.org/api/symbol/access?s=S%2FPV.9482%20%28RESUMPTION%201%29&l=en&t=pdf,,,,,,,,,
ICJ-180-2023-11-17||SC_MEETING::SCM|S/PV.9525,ICJ-180-2023-11-17,2023-11-17,2024-01-03,S/PV.9525,SC_MEETING,Maintenance of international peace and security,https://documents.un.org/api/symbol/access?s=S%2FPV.9525&l=en&t=pdf,,,,,,,,,
ICJ-180-2023-11-17||SC_MEETING::SCM|S/PV.9527,ICJ-180-2023-11-17,2023-11-17,2024-01-10,S/PV.9527,SC_MEETING,Maintenance of international peace and security,https://documents.un.org/api/symbol/access?s=S%2FPV.9527&l=en&t=pdf,,,,,,,,,
ICJ-180-2023-11-17||SC_MEETING::SCM|S/PV.9532,ICJ-180-2023-11-17,2023-11-17,2024-01-12,S/PV.9532,SC_MEETING,Maintenance of international peace and security,https://documents.un.org/api/symbol/access?s=S%2FPV.9532&l=en&t=pdf,,,,,,,,,
ICJ-180-2023-11-17||SC_MEETING::SCM|S/PV.9542,ICJ-180-2023-11-17,2023-11-17,2024-02-05,S/PV.9542,SC_MEETING,Maintenance of international peace and security,https://documents.un.org/api/symbol/access?s=S%2FPV.9542&l=en&t=pdf,,,,,,,,,
ICJ-180-2023-11-17||SC_MEETING::SCM|S/PV.9547,ICJ-180-2023-11-17,2023-11-17,2024-02-13,S/PV.9547,SC_MEETING,Maintenance of international peace and security,https://documents.un.org/api/symbol/access?s=S%2FPV.9547&l=en&t=pdf,,,,,,,,,
ICJ-180-2023-11-17||SC_MEETING::SCM|S/PV.9547 (Resumption 1),ICJ-180-2023-11-17,2023-11-17,2024-02-13,S/PV.9547 (RESUMPTION 1),SC_MEETING,Maintenance of international peace and security,https://documents.un.org/api/symbol/access?s=S%2FPV.9547%20%28RESUMPTION%201%29&l=en&t=pdf,,,,,,,,,
ICJ-180-2023-11-17||SC_MEETING::SCM|S/PV.9547 (Resumption 2),ICJ-180-2023-11-17,2023-11-17,2024-02-14,S/PV.9547 (RESUMPTION 2),SC_MEETING,Maintenance of international peace and security,https://documents.un.org/api/symbol/access?s=S%2FPV.9547%20%28RESUMPTION%202%29&l=en&t=pdf,,,,,,,,,
ICJ-180-2023-11-17||SC_MEETING::SCM|S/PV.9579,ICJ-180-2023-11-17,2023-11-17,2024-03-18,S/PV.9579,SC_MEETING,Maintenance of international peace and security,https://documents.un.org/api/symbol/access?s=S%2FPV.9579&l=en&t=pdf,,,,,,,,,
ICJ-180-2023-11-17||SC_MEETING::SCM|S/PV.9592,ICJ-180-2023-11-17,2023-11-17,2024-03-28,S/PV.9592,SC_MEETING,Maintenance of international peace and security,https://documents.un.org/api/symbol/access?s=S%2FPV.9592&l=en&t=pdf,,,,,,,,,
ICJ-180-2023-11-17||SC_MEETING::SCM|S/PV.9606,ICJ-180-2023-11-17,2023-11-17,2024-04-17,S/PV.9606,SC_MEETING,Maintenance of international peace and security,https://documents.un.org/api/symbol/access?s=S%2FPV.9606&l=en&t=pdf,,,,,,,,,
ICJ-180-2023-11-17||SC_MEETING::SCM|S/PV.9606 (Resumption 1),ICJ-180-2023-11-17,2023-11-17,2024-04-26,S/PV.9606 (RESUMPTION 1),SC_MEETING,Maintenance of international peace and security,https://documents.un.org/api/symbol/access?s=S%2FPV.9606%20%28RESUMPTION%201%29&l=en&t=pdf,,,,,,,,,
ICJ-181-2021-12-07||SC_FORMAL_VOTE::SCV|1952,ICJ-181-2021-12-07,2021-12-07,2021-12-13,S/PV.8926,SC_FORMAL_VOTE,Maintenance of international peace and security | Maintenance of international peace and security | S/2021/990,https://documents.un.org/api/symbol/access?s=S%2FPV.8926&l=en&t=pdf,,,,,,,,,
ICJ-181-2021-12-07||SC_FORMAL_VOTE::SCV|1960,ICJ-181-2021-12-07,2021-12-07,2021-12-22,S/PV.8942,SC_FORMAL_VOTE,Maintenance of international peace and security | Maintenance of international peace and security | S/2021/1075 | 2616 (2021),https://documents.un.org/api/symbol/access?s=S%2FPV.8942&l=en&t=pdf,,,,,,,,,
ICJ-181-2021-12-07||SC_MEETING::SCM|S/PV.8923,ICJ-181-2021-12-07,2021-12-07,2021-12-09,S/PV.8923,SC_MEETING,Maintenance of international peace and security,https://documents.un.org/api/symbol/access?s=S%2FPV.8923&l=en&t=pdf,,,,,,,,,
ICJ-181-2021-12-07||SC_MEETING::SCM|S/PV.8923 (Resumption 1),ICJ-181-2021-12-07,2021-12-07,2021-12-09,S/PV.8923 (RESUMPTION 1),SC_MEETING,Maintenance of international peace and security,https://documents.un.org/api/symbol/access?s=S%2FPV.8923%20%28RESUMPTION%201%29&l=en&t=pdf,,,,,,,,,
ICJ-181-2021-12-07||SC_MEETING::SCM|S/PV.8926,ICJ-181-2021-12-07,2021-12-07,2021-12-13,S/PV.8926,SC_MEETING,Maintenance of international peace and security,https://documents.un.org/api/symbol/access?s=S%2FPV.8926&l=en&t=pdf,,,,,,,,,
ICJ-181-2021-12-07||SC_MEETING::SCM|S/PV.8942,ICJ-181-2021-12-07,2021-12-07,2021-12-22,S/PV.8942,SC_MEETING,Maintenance of international peace and security,https://documents.un.org/api/symbol/access?s=S%2FPV.8942&l=en&t=pdf,,,,,,,,,
ICJ-181-2021-12-07||SC_MEETING::SCM|S/PV.9014,ICJ-181-2021-12-07,2021-12-07,2022-04-11,S/PV.9014,SC_MEETING,Maintenance of international peace and security,https://documents.un.org/api/symbol/access?s=S%2FPV.9014&l=en&t=pdf,,,,,,,,,
ICJ-181-2021-12-07||SC_MEETING::SCM|S/PV.9036,ICJ-181-2021-12-07,2021-12-07,2022-05-19,S/PV.9036,SC_MEETING,Maintenance of international peace and security,https://documents.un.org/api/symbol/access?s=S%2FPV.9036&l=en&t=pdf,,,,,,,,,
ICJ-181-2021-12-07||SC_MEETING::SCM|S/PV.9036 (Resumption 1),ICJ-181-2021-12-07,2021-12-07,2022-05-19,S/PV.9036 (RESUMPTION 1),SC_MEETING,Maintenance of international peace and security,https://documents.un.org/api/symbol/access?s=S%2FPV.9036%20%28RESUMPTION%201%29&l=en&t=pdf,,,,,,,,,
ICJ-181-2021-12-07||SC_MEETING::SCM|S/PV.9039,ICJ-181-2021-12-07,2021-12-07,2022-05-23,S/PV.9039,SC_MEETING,Maintenance of international peace and security,https://documents.un.org/api/symbol/access?s=S%2FPV.9039&l=en&t=pdf,,,,,,,,,
ICJ-181-2021-12-07||SC_MEETING::SCM|S/PV.9052,ICJ-181-2021-12-07,2021-12-07,2022-06-02,S/PV.9052,SC_MEETING,Maintenance of international peace and security,https://documents.un.org/api/symbol/access?s=S%2FPV.9052&l=en&t=pdf,,,,,,,,,
ICJ-181-2021-12-07||SC_MEETING::SCM|S/PV.9052 (Resumption 1),ICJ-181-2021-12-07,2021-12-07,2022-06-02,S/PV.9052 (RESUMPTION 1),SC_MEETING,Maintenance of international peace and security,https://documents.un.org/api/symbol/access?s=S%2FPV.9052%20%28RESUMPTION%201%29&l=en&t=pdf,,,,,,,,,
ICJ-182-2022-03-16||GA_FORMAL_VOTE::GAV|3967778,ICJ-182-2022-03-16,2022-03-16,2022-04-07,A/ES-11/PV.10,GA_FORMAL_VOTE,Suspension of the rights of membership of the Russian Federation in the Human Rights Council : resolution / adopted by the General Assembly | Letter dated 28 February 2014 from the Permanent Representative of Ukraine to the United Nations addressed to the President of the Security Council (S/2014/136). | UKRAINE--POLITICAL CONDITIONS,https://documents.un.org/api/symbol/access?s=A%2FES-11%2FPV.10&l=en&t=pdf,,,,,,,,,
ICJ-188-2023-11-16||GA_FORMAL_VOTE::GAV|4028491,ICJ-188-2023-11-16,2023-11-16,2023-11-28,A/78/PV.40,GA_FORMAL_VOTE,The Syrian Golan : resolution / adopted by the General Assembly | The situation in the Middle East. | MIDDLE EAST SITUATION,https://documents.un.org/api/symbol/access?s=A%2F78%2FPV.40&l=en&t=pdf,,,,,,,,,
ICJ-188-2023-11-16||SC_FORMAL_VOTE::SCV|2076,ICJ-188-2023-11-16,2023-11-16,2023-12-08,S/PV.9499,SC_FORMAL_VOTE,"Middle East, incl. the Palestinian question | The situation in the Middle East, including the Palestinian question | S/2023/970",https://documents.un.org/api/symbol/access?s=S%2FPV.9499&l=en&t=pdf,,,,,,,,,
ICJ-188-2023-11-16||SC_FORMAL_VOTE::SCV|2079,ICJ-188-2023-11-16,2023-11-16,2023-12-21,S/PV.9516,SC_FORMAL_VOTE,Middle East (UNDOF) | The situation in the Middle East | S/2023/1001 | 2718 (2023),https://documents.un.org/api/symbol/access?s=S%2FPV.9516&l=en&t=pdf,,,,,,,,,
ICJ-188-2023-11-16||SC_FORMAL_VOTE::SCV|2081,ICJ-188-2023-11-16,2023-11-16,2023-12-22,S/PV.9520,SC_FORMAL_VOTE,"Middle East, incl. the Palestinian question | The situation in the Middle East, including the Palestinian question | S/2023/1029 | 2720 (2023)",https://documents.un.org/api/symbol/access?s=S%2FPV.9520&l=en&t=pdf,,,,,,,,,
ICJ-188-2023-11-16||SC_FORMAL_VOTE::SCV|2085,ICJ-188-2023-11-16,2023-11-16,2024-02-20,S/PV.9552,SC_FORMAL_VOTE,"Middle East, incl. the Palestinian question | The situation in the Middle East, including the Palestinian question | S/2024/173",https://documents.un.org/api/symbol/access?s=S%2FPV.9552&l=en&t=pdf,,,,,,,,,
ICJ-188-2023-11-16||SC_FORMAL_VOTE::SCV|2090,ICJ-188-2023-11-16,2023-11-16,2024-03-22,S/PV.9584,SC_FORMAL_VOTE,"Middle East, incl. the Palestinian question | The situation in the Middle East, including the Palestinian question | S/2024/239",https://documents.un.org/api/symbol/access?s=S%2FPV.9584&l=en&t=pdf,,,,,,,,,
ICJ-188-2023-11-16||SC_FORMAL_VOTE::SCV|2091,ICJ-188-2023-11-16,2023-11-16,2024-03-25,S/PV.9586,SC_FORMAL_VOTE,"Middle East, incl. the Palestinian question | The situation in the Middle East, including the Palestinian question | S/2024/254 | 2728 (2024)",https://documents.un.org/api/symbol/access?s=S%2FPV.9586&l=en&t=pdf,,,,,,,,,
ICJ-188-2023-11-16||SC_MEETING::SCM|S/PV.9484,ICJ-188-2023-11-16,2023-11-16,2023-11-22,S/PV.9484,SC_MEETING,"The situation in the Middle East, including the Palestinian question",https://documents.un.org/api/symbol/access?s=S%2FPV.9484&l=en&t=pdf,,,,,,,,,
ICJ-188-2023-11-16||SC_MEETING::SCM|S/PV.9486,ICJ-188-2023-11-16,2023-11-16,2023-11-27,S/PV.9486,SC_MEETING,"The situation in the Middle East, including the Palestinian question",https://documents.un.org/api/symbol/access?s=S%2FPV.9486&l=en&t=pdf,,,,,,,,,
ICJ-188-2023-11-16||SC_MEETING::SCM|S/PV.9487,ICJ-188-2023-11-16,2023-11-16,2023-11-28,S/PV.9487,SC_MEETING,The situation in the Middle East,https://documents.un.org/api/symbol/access?s=S%2FPV.9487&l=en&t=pdf,,,,,,,,,
ICJ-188-2023-11-16||SC_MEETING::SCM|S/PV.9489,ICJ-188-2023-11-16,2023-11-16,2023-11-29,S/PV.9489,SC_MEETING,"The situation in the Middle East, including the Palestinian question",https://documents.un.org/api/symbol/access?s=S%2FPV.9489&l=en&t=pdf,,,,,,,,,
ICJ-188-2023-11-16||SC_MEETING::SCM|S/PV.9498,ICJ-188-2023-11-16,2023-11-16,2023-12-08,S/PV.9498,SC_MEETING,"The situation in the Middle East, including the Palestinian question",https://documents.un.org/api/symbol/access?s=S%2FPV.9498&l=en&t=pdf,,,,,,,,,
ICJ-188-2023-11-16||SC_MEETING::SCM|S/PV.9499,ICJ-188-2023-11-16,2023-11-16,2023-12-08,S/PV.9499,SC_MEETING,"The situation in the Middle East, including the Palestinian question",https://documents.un.org/api/symbol/access?s=S%2FPV.9499&l=en&t=pdf,,,,,,,,,
ICJ-188-2023-11-16||SC_MEETING::SCM|S/PV.9513,ICJ-188-2023-11-16,2023-11-16,2023-12-19,S/PV.9513,SC_MEETING,"The situation in the Middle East, including the Palestinian question",https://documents.un.org/api/symbol/access?s=S%2FPV.9513&l=en&t=pdf,,,,,,,,,
ICJ-188-2023-11-16||SC_MEETING::SCM|S/PV.9516,ICJ-188-2023-11-16,2023-11-16,2023-12-21,S/PV.9516,SC_MEETING,The situation in the Middle East,https://documents.un.org/api/symbol/access?s=S%2FPV.9516&l=en&t=pdf,,,,,,,,,
ICJ-188-2023-11-16||SC_MEETING::SCM|S/PV.9517,ICJ-188-2023-11-16,2023-11-16,2023-12-21,S/PV.9517,SC_MEETING,The situation in the Middle East,https://documents.un.org/api/symbol/access?s=S%2FPV.9517&l=en&t=pdf,,,,,,,,,
ICJ-188-2023-11-16||SC_MEETING::SCM|S/PV.9519,ICJ-188-2023-11-16,2023-11-16,2023-12-22,S/PV.9519,SC_MEETING,The situation in the Middle East,https://documents.un.org/api/symbol/access?s=S%2FPV.9519&l=en&t=pdf,,,,,,,,,
ICJ-188-2023-11-16||SC_MEETING::SCM|S/PV.9520,ICJ-188-2023-11-16,2023-11-16,2023-12-22,S/PV.9520,SC_MEETING,"The situation in the Middle East, including the Palestinian question",https://documents.un.org/api/symbol/access?s=S%2FPV.9520&l=en&t=pdf,,,,,,,,,
ICJ-188-2023-11-16||SC_MEETING::SCM|S/PV.9522,ICJ-188-2023-11-16,2023-11-16,2023-12-29,S/PV.9522,SC_MEETING,"The situation in the Middle East, including the Palestinian question",https://documents.un.org/api/symbol/access?s=S%2FPV.9522&l=en&t=pdf,,,,,,,,,
ICJ-188-2023-11-16||SC_MEETING::SCM|S/PV.9531,ICJ-188-2023-11-16,2023-11-16,2024-01-12,S/PV.9531,SC_MEETING,"The situation in the Middle East, including the Palestinian question",https://documents.un.org/api/symbol/access?s=S%2FPV.9531&l=en&t=pdf,,,,,,,,,
ICJ-188-2023-11-16||SC_MEETING::SCM|S/PV.9534,ICJ-188-2023-11-16,2023-11-16,2024-01-23,S/PV.9534,SC_MEETING,"The situation in the Middle East, including the Palestinian question",https://documents.un.org/api/symbol/access?s=S%2FPV.9534&l=en&t=pdf,,,,,,,,,
ICJ-188-2023-11-16||SC_MEETING::SCM|S/PV.9534 (Resumption 1),ICJ-188-2023-11-16,2023-11-16,2024-01-24,S/PV.9534 (RESUMPTION 1),SC_MEETING,"The situation in the Middle East, including the Palestinian question",https://documents.un.org/api/symbol/access?s=S%2FPV.9534%20%28RESUMPTION%201%29&l=en&t=pdf,,,,,,,,,
ICJ-188-2023-11-16||SC_MEETING::SCM|S/PV.9540,ICJ-188-2023-11-16,2023-11-16,2024-01-31,S/PV.9540,SC_MEETING,"The situation in the Middle East, including the Palestinian question",https://documents.un.org/api/symbol/access?s=S%2FPV.9540&l=en&t=pdf,,,,,,,,,
ICJ-188-2023-11-16||SC_MEETING::SCM|S/PV.9548,ICJ-188-2023-11-16,2023-11-16,2024-02-14,S/PV.9548,SC_MEETING,The situation in the Middle East,https://documents.un.org/api/symbol/access?s=S%2FPV.9548&l=en&t=pdf,,,,,,,,,
ICJ-188-2023-11-16||SC_MEETING::SCM|S/PV.9552,ICJ-188-2023-11-16,2023-11-16,2024-02-20,S/PV.9552,SC_MEETING,"The situation in the Middle East, including the Palestinian question",https://documents.un.org/api/symbol/access?s=S%2FPV.9552&l=en&t=pdf,,,,,,,,,
ICJ-188-2023-11-16||SC_MEETING::SCM|S/PV.9556,ICJ-188-2023-11-16,2023-11-16,2024-02-22,S/PV.9556,SC_MEETING,"The situation in the Middle East, including the Palestinian question",https://documents.un.org/api/symbol/access?s=S%2FPV.9556&l=en&t=pdf,,,,,,,,,
ICJ-188-2023-11-16||SC_MEETING::SCM|S/PV.9559,ICJ-188-2023-11-16,2023-11-16,2024-02-27,S/PV.9559,SC_MEETING,The situation in the Middle East,https://documents.un.org/api/symbol/access?s=S%2FPV.9559&l=en&t=pdf,,,,,,,,,
ICJ-188-2023-11-16||SC_MEETING::SCM|S/PV.9562,ICJ-188-2023-11-16,2023-11-16,2024-03-04,S/PV.9562,SC_MEETING,The situation in the Middle East,https://documents.un.org/api/symbol/access?s=S%2FPV.9562&l=en&t=pdf,,,,,,,,,
ICJ-188-2023-11-16||SC_MEETING::SCM|S/PV.9572,ICJ-188-2023-11-16,2023-11-16,2024-03-11,S/PV.9572,SC_MEETING,"The situation in the Middle East, including the Palestinian question",https://documents.un.org/api/symbol/access?s=S%2FPV.9572&l=en&t=pdf,,,,,,,,,
ICJ-188-2023-11-16||SC_MEETING::SCM|S/PV.9576,ICJ-188-2023-11-16,2023-11-16,2024-03-14,S/PV.9576,SC_MEETING,The situation in the Middle East,https://documents.un.org/api/symbol/access?s=S%2FPV.9576&l=en&t=pdf,,,,,,,,,
ICJ-188-2023-11-16||SC_MEETING::SCM|S/PV.9583,ICJ-188-2023-11-16,2023-11-16,2024-03-21,S/PV.9583,SC_MEETING,The situation in the Middle East,https://documents.un.org/api/symbol/access?s=S%2FPV.9583&l=en&t=pdf,,,,,,,,,
ICJ-188-2023-11-16||SC_MEETING::SCM|S/PV.9584,ICJ-188-2023-11-16,2023-11-16,2024-03-22,S/PV.9584,SC_MEETING,"The situation in the Middle East, including the Palestinian question",https://documents.un.org/api/symbol/access?s=S%2FPV.9584&l=en&t=pdf,,,,,,,,,
ICJ-188-2023-11-16||SC_MEETING::SCM|S/PV.9586,ICJ-188-2023-11-16,2023-11-16,2024-03-25,S/PV.9586,SC_MEETING,"The situation in the Middle East, including the Palestinian question",https://documents.un.org/api/symbol/access?s=S%2FPV.9586&l=en&t=pdf,,,,,,,,,
ICJ-188-2023-11-16||SC_MEETING::SCM|S/PV.9588,ICJ-188-2023-11-16,2023-11-16,2024-03-26,S/PV.9588,SC_MEETING,"The situation in the Middle East, including the Palestinian question",https://documents.un.org/api/symbol/access?s=S%2FPV.9588&l=en&t=pdf,,,,,,,,,
ICJ-188-2023-11-16||SC_MEETING::SCM|S/PV.9596,ICJ-188-2023-11-16,2023-11-16,2024-04-05,S/PV.9596,SC_MEETING,"The situation in the Middle East, including the Palestinian question",https://documents.un.org/api/symbol/access?s=S%2FPV.9596&l=en&t=pdf,,,,,,,,,
ICJ-188-2023-11-16||SC_MEETING::SCM|S/PV.9602,ICJ-188-2023-11-16,2023-11-16,2024-04-14,S/PV.9602,SC_MEETING,The situation in the Middle East,https://documents.un.org/api/symbol/access?s=S%2FPV.9602&l=en&t=pdf,,,,,,,,,
ICJ-188-2023-11-16||SC_MEETING::SCM|S/PV.9603,ICJ-188-2023-11-16,2023-11-16,2024-04-15,S/PV.9603,SC_MEETING,The situation in the Middle East,https://documents.un.org/api/symbol/access?s=S%2FPV.9603&l=en&t=pdf,,,,,,,,,
ICJ-188-2023-11-16||SC_MEETING::SCM|S/PV.9607,ICJ-188-2023-11-16,2023-11-16,2024-04-17,S/PV.9607,SC_MEETING,"The situation in the Middle East, including the Palestinian question",https://documents.un.org/api/symbol/access?s=S%2FPV.9607&l=en&t=pdf,,,,,,,,,
ICJ-188-2023-11-16||SC_MEETING::SCM|S/PV.9608,ICJ-188-2023-11-16,2023-11-16,2024-04-18,S/PV.9608,SC_MEETING,"The situation in the Middle East, including the Palestinian question",https://documents.un.org/api/symbol/access?s=S%2FPV.9608&l=en&t=pdf,,,,,,,,,
ICJ-188-2023-11-16||SC_MEETING::SCM|S/PV.9608 (Resumption 1),ICJ-188-2023-11-16,2023-11-16,2024-04-18,S/PV.9608 (RESUMPTION 1),SC_MEETING,"The situation in the Middle East, including the Palestinian question",https://documents.un.org/api/symbol/access?s=S%2FPV.9608%20%28RESUMPTION%201%29&l=en&t=pdf,,,,,,,,,
ICJ-188-2023-11-16||SC_MEETING::SCM|S/PV.9608 (Resumption 2),ICJ-188-2023-11-16,2023-11-16,2024-04-25,S/PV.9608 (RESUMPTION 2),SC_MEETING,"The situation in the Middle East, including the Palestinian question",https://documents.un.org/api/symbol/access?s=S%2FPV.9608%20%28RESUMPTION%202%29&l=en&t=pdf,,,,,,,,,
ICJ-188-2023-11-16||SC_MEETING::SCM|S/PV.9617,ICJ-188-2023-11-16,2023-11-16,2024-04-24,S/PV.9617,SC_MEETING,"The situation in the Middle East, including the Palestinian question",https://documents.un.org/api/symbol/access?s=S%2FPV.9617&l=en&t=pdf,,,,,,,,,
ICJ-188-2023-11-16||SC_MEETING::SCM|S/PV.9618,ICJ-188-2023-11-16,2023-11-16,2024-04-25,S/PV.9618,SC_MEETING,The situation in the Middle East,https://documents.un.org/api/symbol/access?s=S%2FPV.9618&l=en&t=pdf,,,,,,,,,
ICJ-188-2023-11-16||SC_MEETING::SCM|S/PV.9623,ICJ-188-2023-11-16,2023-11-16,2024-05-13,S/PV.9623,SC_MEETING,The situation in the Middle East,https://documents.un.org/api/symbol/access?s=S%2FPV.9623&l=en&t=pdf,,,,,,,,,
ICJ-188-2023-11-16||SC_SPECIAL_VETO::SCX|13,ICJ-188-2023-11-16,2023-11-16,2023-12-22,S/PV.9520,SC_SPECIAL_VETO,"The situation in the Middle East, including the Palestinian question | Middle East, including Palestinian question | Oral amendment",https://documents.un.org/api/symbol/access?s=S%2FPV.9520&l=en&t=pdf,,,,,,,,,
ICJ-192-2024-01-26||SC_FORMAL_VOTE::SCV|2085,ICJ-192-2024-01-26,2024-01-26,2024-02-20,S/PV.9552,SC_FORMAL_VOTE,"Middle East, incl. the Palestinian question | The situation in the Middle East, including the Palestinian question | S/2024/173",https://documents.un.org/api/symbol/access?s=S%2FPV.9552&l=en&t=pdf,,,,,,,,,
ICJ-192-2024-01-26||SC_FORMAL_VOTE::SCV|2090,ICJ-192-2024-01-26,2024-01-26,2024-03-22,S/PV.9584,SC_FORMAL_VOTE,"Middle East, incl. the Palestinian question | The situation in the Middle East, including the Palestinian question | S/2024/239",https://documents.un.org/api/symbol/access?s=S%2FPV.9584&l=en&t=pdf,,,,,,,,,
ICJ-192-2024-01-26||SC_FORMAL_VOTE::SCV|2091,ICJ-192-2024-01-26,2024-01-26,2024-03-25,S/PV.9586,SC_FORMAL_VOTE,"Middle East, incl. the Palestinian question | The situation in the Middle East, including the Palestinian question | S/2024/254 | 2728 (2024)",https://documents.un.org/api/symbol/access?s=S%2FPV.9586&l=en&t=pdf,,,,,,,,,
ICJ-192-2024-01-26||SC_FORMAL_VOTE::SCV|2101,ICJ-192-2024-01-26,2024-01-26,2024-06-10,S/PV.9650,SC_FORMAL_VOTE,"Middle East, incl. the Palestinian question | The situation in the Middle East, including the Palestinian question | S/2024/448 | 2735 (2024)",https://documents.un.org/api/symbol/access?s=S%2FPV.9650&l=en&t=pdf,,,,,,,,,
ICJ-192-2024-01-26||SC_MEETING::SCM|S/PV.9540,ICJ-192-2024-01-26,2024-01-26,2024-01-31,S/PV.9540,SC_MEETING,"The situation in the Middle East, including the Palestinian question",https://documents.un.org/api/symbol/access?s=S%2FPV.9540&l=en&t=pdf,,,,,,,,,
ICJ-192-2024-01-26||SC_MEETING::SCM|S/PV.9552,ICJ-192-2024-01-26,2024-01-26,2024-02-20,S/PV.9552,SC_MEETING,"The situation in the Middle East, including the Palestinian question",https://documents.un.org/api/symbol/access?s=S%2FPV.9552&l=en&t=pdf,,,,,,,,,
ICJ-192-2024-01-26||SC_MEETING::SCM|S/PV.9556,ICJ-192-2024-01-26,2024-01-26,2024-02-22,S/PV.9556,SC_MEETING,"The situation in the Middle East, including the Palestinian question",https://documents.un.org/api/symbol/access?s=S%2FPV.9556&l=en&t=pdf,,,,,,,,,
ICJ-192-2024-01-26||SC_MEETING::SCM|S/PV.9572,ICJ-192-2024-01-26,2024-01-26,2024-03-11,S/PV.9572,SC_MEETING,"The situation in the Middle East, including the Palestinian question",https://documents.un.org/api/symbol/access?s=S%2FPV.9572&l=en&t=pdf,,,,,,,,,
ICJ-192-2024-01-26||SC_MEETING::SCM|S/PV.9584,ICJ-192-2024-01-26,2024-01-26,2024-03-22,S/PV.9584,SC_MEETING,"The situation in the Middle East, including the Palestinian question",https://documents.un.org/api/symbol/access?s=S%2FPV.9584&l=en&t=pdf,,,,,,,,,
ICJ-192-2024-01-26||SC_MEETING::SCM|S/PV.9586,ICJ-192-2024-01-26,2024-01-26,2024-03-25,S/PV.9586,SC_MEETING,"The situation in the Middle East, including the Palestinian question",https://documents.un.org/api/symbol/access?s=S%2FPV.9586&l=en&t=pdf,,,,,,,,,
ICJ-192-2024-01-26||SC_MEETING::SCM|S/PV.9588,ICJ-192-2024-01-26,2024-01-26,2024-03-26,S/PV.9588,SC_MEETING,"The situation in the Middle East, including the Palestinian question",https://documents.un.org/api/symbol/access?s=S%2FPV.9588&l=en&t=pdf,,,,,,,,,
ICJ-192-2024-01-26||SC_MEETING::SCM|S/PV.9596,ICJ-192-2024-01-26,2024-01-26,2024-04-05,S/PV.9596,SC_MEETING,"The situation in the Middle East, including the Palestinian question",https://documents.un.org/api/symbol/access?s=S%2FPV.9596&l=en&t=pdf,,,,,,,,,
ICJ-192-2024-01-26||SC_MEETING::SCM|S/PV.9607,ICJ-192-2024-01-26,2024-01-26,2024-04-17,S/PV.9607,SC_MEETING,"The situation in the Middle East, including the Palestinian question",https://documents.un.org/api/symbol/access?s=S%2FPV.9607&l=en&t=pdf,,,,,,,,,
ICJ-192-2024-01-26||SC_MEETING::SCM|S/PV.9608,ICJ-192-2024-01-26,2024-01-26,2024-04-18,S/PV.9608,SC_MEETING,"The situation in the Middle East, including the Palestinian question",https://documents.un.org/api/symbol/access?s=S%2FPV.9608&l=en&t=pdf,,,,,,,,,
ICJ-192-2024-01-26||SC_MEETING::SCM|S/PV.9608 (Resumption 1),ICJ-192-2024-01-26,2024-01-26,2024-04-18,S/PV.9608 (RESUMPTION 1),SC_MEETING,"The situation in the Middle East, including the Palestinian question",https://documents.un.org/api/symbol/access?s=S%2FPV.9608%20%28RESUMPTION%201%29&l=en&t=pdf,,,,,,,,,
ICJ-192-2024-01-26||SC_MEETING::SCM|S/PV.9608 (Resumption 2),ICJ-192-2024-01-26,2024-01-26,2024-04-25,S/PV.9608 (RESUMPTION 2),SC_MEETING,"The situation in the Middle East, including the Palestinian question",https://documents.un.org/api/symbol/access?s=S%2FPV.9608%20%28RESUMPTION%202%29&l=en&t=pdf,,,,,,,,,
ICJ-192-2024-01-26||SC_MEETING::SCM|S/PV.9617,ICJ-192-2024-01-26,2024-01-26,2024-04-24,S/PV.9617,SC_MEETING,"The situation in the Middle East, including the Palestinian question",https://documents.un.org/api/symbol/access?s=S%2FPV.9617&l=en&t=pdf,,,,,,,,,
ICJ-192-2024-01-26||SC_MEETING::SCM|S/PV.9631,ICJ-192-2024-01-26,2024-01-26,2024-05-20,S/PV.9631,SC_MEETING,"The situation in the Middle East, including the Palestinian question",https://documents.un.org/api/symbol/access?s=S%2FPV.9631&l=en&t=pdf,,,,,,,,,
ICJ-192-2024-01-26||SC_MEETING::SCM|S/PV.9638,ICJ-192-2024-01-26,2024-01-26,2024-05-29,S/PV.9638,SC_MEETING,"The situation in the Middle East, including the Palestinian question",https://documents.un.org/api/symbol/access?s=S%2FPV.9638&l=en&t=pdf,,,,,,,,,
ICJ-192-2024-01-26||SC_MEETING::SCM|S/PV.9650,ICJ-192-2024-01-26,2024-01-26,2024-06-10,S/PV.9650,SC_MEETING,"The situation in the Middle East, including the Palestinian question",https://documents.un.org/api/symbol/access?s=S%2FPV.9650&l=en&t=pdf,,,,,,,,,
ICJ-192-2024-01-26||SC_MEETING::SCM|S/PV.9667,ICJ-192-2024-01-26,2024-01-26,2024-06-25,S/PV.9667,SC_MEETING,"The situation in the Middle East, including the Palestinian question",https://documents.un.org/api/symbol/access?s=S%2FPV.9667&l=en&t=pdf,,,,,,,,,
ICJ-192-2024-01-26||SC_MEETING::SCM|S/PV.9678,ICJ-192-2024-01-26,2024-01-26,2024-07-02,S/PV.9678,SC_MEETING,"The situation in the Middle East, including the Palestinian question",https://documents.un.org/api/symbol/access?s=S%2FPV.9678&l=en&t=pdf,,,,,,,,,
ICJ-192-2024-01-26||SC_MEETING::SCM|S/PV.9687,ICJ-192-2024-01-26,2024-01-26,2024-07-17,S/PV.9687,SC_MEETING,"The situation in the Middle East, including the Palestinian question",https://documents.un.org/api/symbol/access?s=S%2FPV.9687&l=en&t=pdf,,,,,,,,,
ICJ-192-2024-01-26||SC_MEETING::SCM|S/PV.9687 (Resumption 1),ICJ-192-2024-01-26,2024-01-26,2024-07-17,S/PV.9687 (RESUMPTION 1),SC_MEETING,"The situation in the Middle East, including the Palestinian question",https://documents.un.org/api/symbol/access?s=S%2FPV.9687%20%28RESUMPTION%201%29&l=en&t=pdf,,,,,,,,,
ICJ-192-2024-01-26||SC_MEETING::SCM|S/PV.9687 (Resumption 2),ICJ-192-2024-01-26,2024-01-26,2024-07-19,S/PV.9687 (RESUMPTION 2),SC_MEETING,"The situation in the Middle East, including the Palestinian question",https://documents.un.org/api/symbol/access?s=S%2FPV.9687%20%28RESUMPTION%202%29&l=en&t=pdf,,,,,,,,,
ICJ-192-2024-03-28||SC_FORMAL_VOTE::SCV|2101,ICJ-192-2024-03-28,2024-03-28,2024-06-10,S/PV.9650,SC_FORMAL_VOTE,"Middle East, incl. the Palestinian question | The situation in the Middle East, including the Palestinian question | S/2024/448 | 2735 (2024)",https://documents.un.org/api/symbol/access?s=S%2FPV.9650&l=en&t=pdf,,,,,,,,,
ICJ-192-2024-03-28||SC_MEETING::SCM|S/PV.9596,ICJ-192-2024-03-28,2024-03-28,2024-04-05,S/PV.9596,SC_MEETING,"The situation in the Middle East, including the Palestinian question",https://documents.un.org/api/symbol/access?s=S%2FPV.9596&l=en&t=pdf,,,,,,,,,
ICJ-192-2024-03-28||SC_MEETING::SCM|S/PV.9607,ICJ-192-2024-03-28,2024-03-28,2024-04-17,S/PV.9607,SC_MEETING,"The situation in the Middle East, including the Palestinian question",https://documents.un.org/api/symbol/access?s=S%2FPV.9607&l=en&t=pdf,,,,,,,,,
ICJ-192-2024-03-28||SC_MEETING::SCM|S/PV.9608,ICJ-192-2024-03-28,2024-03-28,2024-04-18,S/PV.9608,SC_MEETING,"The situation in the Middle East, including the Palestinian question",https://documents.un.org/api/symbol/access?s=S%2FPV.9608&l=en&t=pdf,,,,,,,,,
ICJ-192-2024-03-28||SC_MEETING::SCM|S/PV.9608 (Resumption 1),ICJ-192-2024-03-28,2024-03-28,2024-04-18,S/PV.9608 (RESUMPTION 1),SC_MEETING,"The situation in the Middle East, including the Palestinian question",https://documents.un.org/api/symbol/access?s=S%2FPV.9608%20%28RESUMPTION%201%29&l=en&t=pdf,,,,,,,,,
ICJ-192-2024-03-28||SC_MEETING::SCM|S/PV.9608 (Resumption 2),ICJ-192-2024-03-28,2024-03-28,2024-04-25,S/PV.9608 (RESUMPTION 2),SC_MEETING,"The situation in the Middle East, including the Palestinian question",https://documents.un.org/api/symbol/access?s=S%2FPV.9608%20%28RESUMPTION%202%29&l=en&t=pdf,,,,,,,,,
ICJ-192-2024-03-28||SC_MEETING::SCM|S/PV.9617,ICJ-192-2024-03-28,2024-03-28,2024-04-24,S/PV.9617,SC_MEETING,"The situation in the Middle East, including the Palestinian question",https://documents.un.org/api/symbol/access?s=S%2FPV.9617&l=en&t=pdf,,,,,,,,,
ICJ-192-2024-03-28||SC_MEETING::SCM|S/PV.9631,ICJ-192-2024-03-28,2024-03-28,2024-05-20,S/PV.9631,SC_MEETING,"The situation in the Middle East, including the Palestinian question",https://documents.un.org/api/symbol/access?s=S%2FPV.9631&l=en&t=pdf,,,,,,,,,
ICJ-192-2024-03-28||SC_MEETING::SCM|S/PV.9638,ICJ-192-2024-03-28,2024-03-28,2024-05-29,S/PV.9638,SC_MEETING,"The situation in the Middle East, including the Palestinian question",https://documents.un.org/api/symbol/access?s=S%2FPV.9638&l=en&t=pdf,,,,,,,,,
ICJ-192-2024-03-28||SC_MEETING::SCM|S/PV.9650,ICJ-192-2024-03-28,2024-03-28,2024-06-10,S/PV.9650,SC_MEETING,"The situation in the Middle East, including the Palestinian question",https://documents.un.org/api/symbol/access?s=S%2FPV.9650&l=en&t=pdf,,,,,,,,,
ICJ-192-2024-03-28||SC_MEETING::SCM|S/PV.9667,ICJ-192-2024-03-28,2024-03-28,2024-06-25,S/PV.9667,SC_MEETING,"The situation in the Middle East, including the Palestinian question",https://documents.un.org/api/symbol/access?s=S%2FPV.9667&l=en&t=pdf,,,,,,,,,
ICJ-192-2024-03-28||SC_MEETING::SCM|S/PV.9678,ICJ-192-2024-03-28,2024-03-28,2024-07-02,S/PV.9678,SC_MEETING,"The situation in the Middle East, including the Palestinian question",https://documents.un.org/api/symbol/access?s=S%2FPV.9678&l=en&t=pdf,,,,,,,,,
ICJ-192-2024-03-28||SC_MEETING::SCM|S/PV.9687,ICJ-192-2024-03-28,2024-03-28,2024-07-17,S/PV.9687,SC_MEETING,"The situation in the Middle East, including the Palestinian question",https://documents.un.org/api/symbol/access?s=S%2FPV.9687&l=en&t=pdf,,,,,,,,,
ICJ-192-2024-03-28||SC_MEETING::SCM|S/PV.9687 (Resumption 1),ICJ-192-2024-03-28,2024-03-28,2024-07-17,S/PV.9687 (RESUMPTION 1),SC_MEETING,"The situation in the Middle East, including the Palestinian question",https://documents.un.org/api/symbol/access?s=S%2FPV.9687%20%28RESUMPTION%201%29&l=en&t=pdf,,,,,,,,,
ICJ-192-2024-03-28||SC_MEETING::SCM|S/PV.9687 (Resumption 2),ICJ-192-2024-03-28,2024-03-28,2024-07-19,S/PV.9687 (RESUMPTION 2),SC_MEETING,"The situation in the Middle East, including the Palestinian question",https://documents.un.org/api/symbol/access?s=S%2FPV.9687%20%28RESUMPTION%202%29&l=en&t=pdf,,,,,,,,,
ICJ-192-2024-03-28||SC_MEETING::SCM|S/PV.9694,ICJ-192-2024-03-28,2024-03-28,2024-07-26,S/PV.9694,SC_MEETING,"The situation in the Middle East, including the Palestinian question",https://documents.un.org/api/symbol/access?s=S%2FPV.9694&l=en&t=pdf,,,,,,,,,
ICJ-192-2024-03-28||SC_MEETING::SCM|S/PV.9696,ICJ-192-2024-03-28,2024-03-28,2024-07-31,S/PV.9696,SC_MEETING,"The situation in the Middle East, including the Palestinian question",https://documents.un.org/api/symbol/access?s=S%2FPV.9696&l=en&t=pdf,,,,,,,,,
ICJ-192-2024-03-28||SC_MEETING::SCM|S/PV.9704,ICJ-192-2024-03-28,2024-03-28,2024-08-13,S/PV.9704,SC_MEETING,"The situation in the Middle East, including the Palestinian question",https://documents.un.org/api/symbol/access?s=S%2FPV.9704&l=en&t=pdf,,,,,,,,,
ICJ-192-2024-03-28||SC_MEETING::SCM|S/PV.9711,ICJ-192-2024-03-28,2024-03-28,2024-08-22,S/PV.9711,SC_MEETING,"The situation in the Middle East, including the Palestinian question",https://documents.un.org/api/symbol/access?s=S%2FPV.9711&l=en&t=pdf,,,,,,,,,
ICJ-192-2024-03-28||SC_MEETING::SCM|S/PV.9715,ICJ-192-2024-03-28,2024-03-28,2024-08-29,S/PV.9715,SC_MEETING,"The situation in the Middle East, including the Palestinian question",https://documents.un.org/api/symbol/access?s=S%2FPV.9715&l=en&t=pdf,,,,,,,,,
ICJ-192-2024-03-28||SC_MEETING::SCM|S/PV.9717,ICJ-192-2024-03-28,2024-03-28,2024-09-04,S/PV.9717,SC_MEETING,"The situation in the Middle East, including the Palestinian question",https://documents.un.org/api/symbol/access?s=S%2FPV.9717&l=en&t=pdf,,,,,,,,,
ICJ-192-2024-03-28||SC_MEETING::SCM|S/PV.9725,ICJ-192-2024-03-28,2024-03-28,2024-09-16,S/PV.9725,SC_MEETING,"The situation in the Middle East, including the Palestinian question",https://documents.un.org/api/symbol/access?s=S%2FPV.9725&l=en&t=pdf,,,,,,,,,
ICJ-192-2024-03-28||SC_MEETING::SCM|S/PV.9728,ICJ-192-2024-03-28,2024-03-28,2024-09-19,S/PV.9728,SC_MEETING,"The situation in the Middle East, including the Palestinian question",https://documents.un.org/api/symbol/access?s=S%2FPV.9728&l=en&t=pdf,,,,,,,,,
ICJ-192-2024-03-28||SC_MEETING::SCM|S/PV.9730,ICJ-192-2024-03-28,2024-03-28,2024-09-20,S/PV.9730,SC_MEETING,"The situation in the Middle East, including the Palestinian question",https://documents.un.org/api/symbol/access?s=S%2FPV.9730&l=en&t=pdf,,,,,,,,,
ICJ-192-2024-05-24||SC_FORMAL_VOTE::SCV|2101,ICJ-192-2024-05-24,2024-05-24,2024-06-10,S/PV.9650,SC_FORMAL_VOTE,"Middle East, incl. the Palestinian question | The situation in the Middle East, including the Palestinian question | S/2024/448 | 2735 (2024)",https://documents.un.org/api/symbol/access?s=S%2FPV.9650&l=en&t=pdf,,,,,,,,,
ICJ-192-2024-05-24||SC_FORMAL_VOTE::SCV|2128,ICJ-192-2024-05-24,2024-05-24,2024-11-20,S/PV.9790,SC_FORMAL_VOTE,"Middle East, incl. the Palestinian question | The situation in the Middle East, including the Palestinian question | S/2024/835",https://documents.un.org/api/symbol/access?s=S%2FPV.9790&l=en&t=pdf,,,,,,,,,
ICJ-192-2024-05-24||SC_MEETING::SCM|S/PV.9638,ICJ-192-2024-05-24,2024-05-24,2024-05-29,S/PV.9638,SC_MEETING,"The situation in the Middle East, including the Palestinian question",https://documents.un.org/api/symbol/access?s=S%2FPV.9638&l=en&t=pdf,,,,,,,,,
ICJ-192-2024-05-24||SC_MEETING::SCM|S/PV.9650,ICJ-192-2024-05-24,2024-05-24,2024-06-10,S/PV.9650,SC_MEETING,"The situation in the Middle East, including the Palestinian question",https://documents.un.org/api/symbol/access?s=S%2FPV.9650&l=en&t=pdf,,,,,,,,,
ICJ-192-2024-05-24||SC_MEETING::SCM|S/PV.9667,ICJ-192-2024-05-24,2024-05-24,2024-06-25,S/PV.9667,SC_MEETING,"The situation in the Middle East, including the Palestinian question",https://documents.un.org/api/symbol/access?s=S%2FPV.9667&l=en&t=pdf,,,,,,,,,
ICJ-192-2024-05-24||SC_MEETING::SCM|S/PV.9678,ICJ-192-2024-05-24,2024-05-24,2024-07-02,S/PV.9678,SC_MEETING,"The situation in the Middle East, including the Palestinian question",https://documents.un.org/api/symbol/access?s=S%2FPV.9678&l=en&t=pdf,,,,,,,,,
ICJ-192-2024-05-24||SC_MEETING::SCM|S/PV.9687,ICJ-192-2024-05-24,2024-05-24,2024-07-17,S/PV.9687,SC_MEETING,"The situation in the Middle East, including the Palestinian question",https://documents.un.org/api/symbol/access?s=S%2FPV.9687&l=en&t=pdf,,,,,,,,,
ICJ-192-2024-05-24||SC_MEETING::SCM|S/PV.9687 (Resumption 1),ICJ-192-2024-05-24,2024-05-24,2024-07-17,S/PV.9687 (RESUMPTION 1),SC_MEETING,"The situation in the Middle East, including the Palestinian question",https://documents.un.org/api/symbol/access?s=S%2FPV.9687%20%28RESUMPTION%201%29&l=en&t=pdf,,,,,,,,,
ICJ-192-2024-05-24||SC_MEETING::SCM|S/PV.9687 (Resumption 2),ICJ-192-2024-05-24,2024-05-24,2024-07-19,S/PV.9687 (RESUMPTION 2),SC_MEETING,"The situation in the Middle East, including the Palestinian question",https://documents.un.org/api/symbol/access?s=S%2FPV.9687%20%28RESUMPTION%202%29&l=en&t=pdf,,,,,,,,,
ICJ-192-2024-05-24||SC_MEETING::SCM|S/PV.9694,ICJ-192-2024-05-24,2024-05-24,2024-07-26,S/PV.9694,SC_MEETING,"The situation in the Middle East, including the Palestinian question",https://documents.un.org/api/symbol/access?s=S%2FPV.9694&l=en&t=pdf,,,,,,,,,
ICJ-192-2024-05-24||SC_MEETING::SCM|S/PV.9696,ICJ-192-2024-05-24,2024-05-24,2024-07-31,S/PV.9696,SC_MEETING,"The situation in the Middle East, including the Palestinian question",https://documents.un.org/api/symbol/access?s=S%2FPV.9696&l=en&t=pdf,,,,,,,,,
ICJ-192-2024-05-24||SC_MEETING::SCM|S/PV.9704,ICJ-192-2024-05-24,2024-05-24,2024-08-13,S/PV.9704,SC_MEETING,"The situation in the Middle East, including the Palestinian question",https://documents.un.org/api/symbol/access?s=S%2FPV.9704&l=en&t=pdf,,,,,,,,,
ICJ-192-2024-05-24||SC_MEETING::SCM|S/PV.9711,ICJ-192-2024-05-24,2024-05-24,2024-08-22,S/PV.9711,SC_MEETING,"The situation in the Middle East, including the Palestinian question",https://documents.un.org/api/symbol/access?s=S%2FPV.9711&l=en&t=pdf,,,,,,,,,
ICJ-192-2024-05-24||SC_MEETING::SCM|S/PV.9715,ICJ-192-2024-05-24,2024-05-24,2024-08-29,S/PV.9715,SC_MEETING,"The situation in the Middle East, including the Palestinian question",https://documents.un.org/api/symbol/access?s=S%2FPV.9715&l=en&t=pdf,,,,,,,,,
ICJ-192-2024-05-24||SC_MEETING::SCM|S/PV.9717,ICJ-192-2024-05-24,2024-05-24,2024-09-04,S/PV.9717,SC_MEETING,"The situation in the Middle East, including the Palestinian question",https://documents.un.org/api/symbol/access?s=S%2FPV.9717&l=en&t=pdf,,,,,,,,,
ICJ-192-2024-05-24||SC_MEETING::SCM|S/PV.9725,ICJ-192-2024-05-24,2024-05-24,2024-09-16,S/PV.9725,SC_MEETING,"The situation in the Middle East, including the Palestinian question",https://documents.un.org/api/symbol/access?s=S%2FPV.9725&l=en&t=pdf,,,,,,,,,
ICJ-192-2024-05-24||SC_MEETING::SCM|S/PV.9728,ICJ-192-2024-05-24,2024-05-24,2024-09-19,S/PV.9728,SC_MEETING,"The situation in the Middle East, including the Palestinian question",https://documents.un.org/api/symbol/access?s=S%2FPV.9728&l=en&t=pdf,,,,,,,,,
ICJ-192-2024-05-24||SC_MEETING::SCM|S/PV.9730,ICJ-192-2024-05-24,2024-05-24,2024-09-20,S/PV.9730,SC_MEETING,"The situation in the Middle East, including the Palestinian question",https://documents.un.org/api/symbol/access?s=S%2FPV.9730&l=en&t=pdf,,,,,,,,,
ICJ-192-2024-05-24||SC_MEETING::SCM|S/PV.9734,ICJ-192-2024-05-24,2024-05-24,2024-09-27,S/PV.9734,SC_MEETING,"The situation in the Middle East, including the Palestinian question",https://documents.un.org/api/symbol/access?s=S%2FPV.9734&l=en&t=pdf,,,,,,,,,
ICJ-192-2024-05-24||SC_MEETING::SCM|S/PV.9744,ICJ-192-2024-05-24,2024-05-24,2024-10-09,S/PV.9744,SC_MEETING,"The situation in the Middle East, including the Palestinian question",https://documents.un.org/api/symbol/access?s=S%2FPV.9744&l=en&t=pdf,,,,,,,,,
ICJ-192-2024-05-24||SC_MEETING::SCM|S/PV.9750,ICJ-192-2024-05-24,2024-05-24,2024-10-16,S/PV.9750,SC_MEETING,"The situation in the Middle East, including the Palestinian question",https://documents.un.org/api/symbol/access?s=S%2FPV.9750&l=en&t=pdf,,,,,,,,,
ICJ-192-2024-05-24||SC_MEETING::SCM|S/PV.9763,ICJ-192-2024-05-24,2024-05-24,2024-10-29,S/PV.9763,SC_MEETING,"The situation in the Middle East, including the Palestinian question",https://documents.un.org/api/symbol/access?s=S%2FPV.9763&l=en&t=pdf,,,,,,,,,
ICJ-192-2024-05-24||SC_MEETING::SCM|S/PV.9763 (Resumption 1),ICJ-192-2024-05-24,2024-05-24,2024-10-29,S/PV.9763 (RESUMPTION 1),SC_MEETING,"The situation in the Middle East, including the Palestinian question",https://documents.un.org/api/symbol/access?s=S%2FPV.9763%20%28RESUMPTION%201%29&l=en&t=pdf,,,,,,,,,
ICJ-192-2024-05-24||SC_MEETING::SCM|S/PV.9763 (Resumption 2),ICJ-192-2024-05-24,2024-05-24,2024-10-30,S/PV.9763 (RESUMPTION 2),SC_MEETING,"The situation in the Middle East, including the Palestinian question",https://documents.un.org/api/symbol/access?s=S%2FPV.9763%20%28RESUMPTION%202%29&l=en&t=pdf,,,,,,,,,
ICJ-192-2024-05-24||SC_MEETING::SCM|S/PV.9790,ICJ-192-2024-05-24,2024-05-24,2024-11-20,S/PV.9790,SC_MEETING,"The situation in the Middle East, including the Palestinian question",https://documents.un.org/api/symbol/access?s=S%2FPV.9790&l=en&t=pdf,,,,,,,,,
