order_id,case_number,order_date,case_title,order_subtitle,order_disposition_code_manual,new_or_modified_binding_measure_manual,binding_pm_in_force_after_order_manual,reporting_requirement_manual,report_deadline_days_manual,reporting_detail_note,article_41_2_notification_confirmed_manual,article_41_2_evidence_status,legal_evidence_quote_or_note,official_source_url,source_sha256,legal_coding_date,legal_validation_status,primary_coder,primary_coding_mode,automated_screening_role
ICJ-126-2002-07-10,126,2002-07-10,Armed Activities on the Territory of the Congo (New Application: 2002) (Democratic Republic of the Congo v. Rwanda),Request for the Indication of Provisional Measures,REQUEST_REJECTED,0,0,NO,,,0,NOT_APPLICABLE_NO_NEW_OR_MODIFIED_MEASURE,"For these reasons, (1) By fourteen votes to two, Rgjrcts the request for the indication of provisional measures sub- mitted by the Democratic Republic of the Congo on 28 May 2002; IN FAVOUII: President Guillaume ; Vice-Pre.tident Shi; Judges Ranjeva, Herczegh, Fleischhauer,Koroma, Vereshchetin,Higgins,Parra-Aranguren, Kooijmans, Rezek, Al-Khasawneh, Buergenthal;Juclgead hoc Dugard; AGAIIUS JTd:ge Elai-ab; Judge ad hoc Mavungu; (2) By fifteen votes to one, Rejects the submissions by the Rwandese Republic seeking the removal of the case from the Court's List. IN FAVOUII: President Guillaume ; Vice-Presidenr Shi ; Jucfges Ranjeva, Herczegh, Fleischhauer,Koroma, Vereshchetin, Higgins,Parra-Aranguren, Kooijmans, Rezek, Al-Khasawneh, Buergenthal.Elaraby; Judge ad hoc Mavungu ; AGAIPISJT u:dge ad hoc Dugard. Done in French and in English, the French text being authoritative, at the Peace Palace, The Hague, this tenth day of July, two thousand and two, in three copies, one of which will be placed in the archives of theCourt and the others transmitted to the Government of the Democratic Republic of the Corigo and the Government of the Rwandese Republic, respectively. (Signed) Gilbert GUILLAUME, President. (Signed) Philippe COUVREUR, Registrar. Judges KOROMA, HIGGINSB , UERGENTHA aLd ELARABY append decla- rations to the Order of the Court; JudgelîocDUGARD and MAVUNGU append separate opinions to the Order of the Court. (Initiulled) G.G. lIiîitiulled) Ph.C.",https://www.icj-cij.org/sites/default/files/case-related/126/126-20020710-ORD-01-00-EN.pdf,773b77201e398fde5f4abb4ed3838d6a5e4172bdd8a4aa30f448330620165644,2026-08-18,LOCAL_OFFICIAL_TEXT_OPERATIVE_VERIFIED,Suraya Bazarova,HUMAN_MANUAL,DATA_ASSEMBLY_VALIDATION_AND_DIAGNOSTIC_SUPPORT_ONLY
ICJ-128-2003-02-05,128,2003-02-05,Avena and Other Mexican Nationals (Mexico v. United States of America),Request for the Indication of Provisional Measures,NEW_PM,1,1,YES,,inform Court; no fixed deadline in dispositif,,RULE_77_REQUIRES_TRANSMISSION_DOCUMENT_NOT_YET_LOCATED,"For these reasons, Unanimously. 1. Indicutes the following provisional measures: (a) The United States of America shall take al1measures necessary to ensure that Mr. CésarRoberto Fierro Reyna, Mr. Roberto Moreno Ramos and Mr. Osvaldo Torres Aguilera are not executed pending final judgment in these proceedings; (h) The Government of the United States of America shall inform the Court of al1measures taken in implementation of this Order. II. Decides that, until the Court has rendered its final judgment, it shall remain seised of the matters which form the subject of this Order. Done in English and in French, the English text being authoritative, at the Peace Palace, The Hague, this fifth day of February, two thousand and three, in three copies, one of which will beplaced in the archives of the Court and the others transmitted to the Government of the United Mexican States and the Government of the United States of America, respectively. (Signed) Gilbert GUILLAUME: President. (Signed) Philippe COUVREUR, Registrar. Judge ODA appends a declaration to the Order of the Court. (Initialled)G.G. (Initialled)Ph.C.",https://www.icj-cij.org/sites/default/files/case-related/128/128-20030205-ORD-02-00-EN.pdf,700bdd2d0a1a6d86bef3c9477e1279c26618376ce3ebe13c1f84d7c9d8045b0d,2026-08-18,LOCAL_OFFICIAL_TEXT_OPERATIVE_VERIFIED,Suraya Bazarova,HUMAN_MANUAL,DATA_ASSEMBLY_VALIDATION_AND_DIAGNOSTIC_SUPPORT_ONLY
ICJ-129-2003-06-17,129,2003-06-17,Certain Criminal Proceedings in France (Republic of the Congo v. France),Request for the Indication of a Provisional Measure,REQUEST_REJECTED,0,0,NO,,,0,NOT_APPLICABLE_NO_NEW_OR_MODIFIED_MEASURE,"For these reasons, By fourteen votes to one, Fin& that the circumstances, as they 11ow present themselves to the Court, are not silch as to require the exercise of its power under Article 41 of the Statute to indicate provisional measures. ih FAVOUR : Presidrnt Shi; Vice-Preside~ztRanjeta ; Juclge.~Guillaume, Koroma, Vereshchetin. Higgins, Parra-Arangiiren, Kooijmans, Al- Khasawneh, Buergenthal,Elaraby, Owada,Simmil,Tomka; AC~AIN SuT:igead hoc de Cara. Done in French and in English, the French text 3eingauthoritative, at the Peace Palace, The Hague, this seventeenth day ,f June, two thousand and three, in three copies, one of which will be plzicedin the archives of the Court and the others transmitted to the Goveriiment of the Republic of the Congo and the Government of the French liepublic, respectively. (Signedj SHIJiuyong, President. (Signed) Philippe COUVREUR, Registrar. Judges KOROMA and VERESHCHET aIppend a joint separate opinion to the Order of the Court; Judge ad hoc DE CARAappends a dissenting opinion to the Order of the Court. (Znitialled)J.Y.S. (Znitialled)Ph.C.",https://www.icj-cij.org/sites/default/files/case-related/129/129-20030617-ORD-01-00-EN.pdf,a90170232eeeb51d9dc65ae1348e1c0f2262f5c743a96201c102e00d7c73d694,2026-08-18,LOCAL_OFFICIAL_TEXT_OPERATIVE_VERIFIED,Suraya Bazarova,HUMAN_MANUAL,DATA_ASSEMBLY_VALIDATION_AND_DIAGNOSTIC_SUPPORT_ONLY
ICJ-135-2006-07-13,135,2006-07-13,Pulp Mills on the River Uruguay (Argentina v. Uruguay),Request for the Indication of Provisional Measures,REQUEST_REJECTED,0,0,NO,,,0,NOT_APPLICABLE_NO_NEW_OR_MODIFIED_MEASURE,"now present themselves to 25135 PULP MILLS ORDER 13 VII 06) the Court, are not such as to require the exercise of its power under Article 41 of the Statute to indicate provisional measures. IN FAVOUR : President Higgins; Vice-President Al-Khasawneh; Judges Ranjeva, Koroma, Parra-Aranguren, Buergenthal, Owada, Simma, Abraham, Keith, Sepúlveda-Amor, Bennouna, Skotnikov; Judge ad hoc Torres Bernárdez; AGAINST: Judge ad hoc Vinuesa. Done in English and in French, the English text being authoritative, at the Peace Palace, The Hague, this thirteenth day of July, two thousand and six, in three copies, one of which will be placed in the archives of the Court and the others transmitted to the Government of the Argentine Republic and the Government of the Eastern Republic of Uruguay, respectively. (Signed) President. (Signed) Rosalyn H IGGINS, President. (Signed) Philippe C OUVREUR , Registrar. Judge R ANJEVA appends a declaration to the Order of the Court; Judges A BRAHAM and B ENNOUNA append separate opinions to the Order of the Court; Judge ad hoc V INUESA appends a dissenting opinion to the Order of the Court. (Initialled) R.H. (Initialled) Ph.C. 26",https://www.icj-cij.org/sites/default/files/case-related/135/135-20060713-ORD-02-00-EN.pdf,eb9e89bdf0a9ae41184d747823b5c2d8b59f34193f313e6d4f3793c6022867d3,2026-08-18,LOCAL_OFFICIAL_TEXT_OPERATIVE_VERIFIED,Suraya Bazarova,HUMAN_MANUAL,DATA_ASSEMBLY_VALIDATION_AND_DIAGNOSTIC_SUPPORT_ONLY
ICJ-135-2007-01-23,135,2007-01-23,Pulp Mills on the River Uruguay (Argentina v. Uruguay),Request for the Indication of Provisional Measures,REQUEST_REJECTED,0,0,NO,,,0,NOT_APPLICABLE_NO_NEW_OR_MODIFIED_MEASURE,"Finds that the circumstances, as they now present themselves to the Court, are not such as to require the exercise of its power under Article 41 of the Statute to indicate provisional measures. IN FAVOUR: President Higgins; Vice-President Al-Khasawneh; Judges Ranjeva, Shi, Koroma, Buergenthal, Owada, Simma, Abraham, Keith, Sepúlveda-Amor, Bennouna, Skotnikov; Judge ad hoc Vinuesa; AGAINST: Judge ad hoc Torres Bernárdez. Done in French and in English, the French text being authoritative, at the Peace Palace, The Hague, this twenty-third day of January, two thousand and seven, in three copies, one of which will be placed in the archives of the Court and the others transmitted to the Government of the Argentine Republic and the Government of the Eastern Republic of Uruguay, respectively. (Signed) President. (Signed) Rosalyn H IGGINS, President. (Signed) Philippe C OUVREUR , Registrar. 18 PULP MILLS(ORDER 23 I 07) 18 Judges K OROMA and BUERGENTHAL append declarations to the Order of the Court; Judge ad hoc T ORRES B ERNÁRDEZ appends a dissenting opinion to the Order of the Court. (Initialled) R.H. (Initialled) Ph.C. 19",https://www.icj-cij.org/sites/default/files/case-related/135/135-20070123-ORD-01-00-EN.pdf,98ea63d33b91a49bf5ebe196d102a68adeea38b37767ed268f8a03c6dcd6df9d,2026-08-18,LOCAL_OFFICIAL_TEXT_OPERATIVE_VERIFIED,Suraya Bazarova,HUMAN_MANUAL,DATA_ASSEMBLY_VALIDATION_AND_DIAGNOSTIC_SUPPORT_ONLY
ICJ-139-2008-07-16,139,2008-07-16,Request for Interpretation of the Judgment of 31 March 2004 in the Case concerning Avena and Other Mexican Nationals (Mexico v. United States of America) (Mexico v. United States of America),Request for the Indication of Provisional Measures,NEW_PM,1,1,YES,,inform Court; no fixed deadline in dispositif,,RULE_77_REQUIRES_TRANSMISSION_DOCUMENT_NOT_YET_LOCATED,"nds that the submission by the United States of America seeking the dismissal of the Application ﬁled by the United Mexican States can not be upheld; IN FAVOUR: President Higgins; Vice-President Al-Khasawneh; Judges Ranjeva, Koroma, Abraham, Sepúlveda-Amor, Bennouna; AGAINST: Judges Buergenthal, Owada, Tomka, Keith, Skotnikov; II. Indicates the following provisional measures: (a) By seven votes to ﬁve, The United States of America shall take all measures necessary to ensure that Messrs. José Ernesto Medellín Rojas, César Roberto Fierro Reyna, Rubén Ramírez Cárdenas, Humberto Leal García, and Roberto Moreno Ramos are not executed pending judgment on the Request for interpretation submitted by the United Mexican States, unless and until these ﬁve Mexican nationals receive review and reconsideration consist- ent with paragraphs 138 to 141 of the Court’s Judgment delivered on 31 March 2004 in the case concerning Avena and Other Mexican Nation- als (Mexico v. United States of America) ; 24 IN FAVOUR : President Higgins; Vice-President Al-Khasawneh; Judges Ranjeva, Koroma, Abraham, Sepúlveda-Amor, Bennouna; AGAINST: Judges Buergenthal, Owada, Tomka, Keith, Skotnikov; (b) By eleven votes to one, The Government of the United States of America shall inform the Court of the measures taken in implementation of this Order; IN FAVOUR : President Higgins; Vice-President Al-Khasawneh; Judges Ranjeva, Koroma, Owada, Tomka, Abraham, Keith, Sepúlveda-Amor, Bennouna, Skotnikov; AGAINST: Judge Buergenthal; III. By eleven votes to one, Decides that, until the Court has rendered its judgment on the Request for interpretation, it shall remain seised of the matters which form the subject of this Order. IN FAVOUR : President Higgins; Vice-President Al-Khasawneh; Judges Ran- jeva, Koroma, Owada,",https://www.icj-cij.org/sites/default/files/case-related/139/139-20080716-ORD-01-00-EN.pdf,a2e32c31b718a76db067c28194da9577bc7571e857815301d9b11067a1f17db4,2026-08-18,LOCAL_OFFICIAL_TEXT_OPERATIVE_VERIFIED,Suraya Bazarova,HUMAN_MANUAL,DATA_ASSEMBLY_VALIDATION_AND_DIAGNOSTIC_SUPPORT_ONLY
ICJ-140-2008-10-15,140,2008-10-15,Application of the International Convention on the Elimination of All Forms of Racial Discrimination (Georgia v. Russian Federation),Request for the Indication of Provisional Measures,NEW_PM,1,1,YES,,each Party shall inform Court; no fixed deadline,,RULE_77_REQUIRES_TRANSMISSION_DOCUMENT_NOT_YET_LOCATED,"All Forms of Racial Discrimination, Indicates the following provisional measures: A. By eight votes to seven, Both Parties, within South Ossetia and Abkhazia and adjacent areas in Georgia, shall (1) refrain from any act of racial discrimination against persons, groups of persons or institutions; (2) abstain from sponsoring, defending or supporting racial discrimina- tion by any persons or organizations; (3) do all in their power, whenever and wherever possible, to ensure, without distinction as to national or ethnic origin, (i) security of persons; (ii) the right of persons to freedom of movement and residence within the border of the State; (iii) the protection of the property of displaced persons and of refu- gees; (4) do all in their power to ensure that public authorities and public institutions under their control or inﬂuence do not engage in acts of racial discrimination against persons, groups of persons or institu- tions; IN FAVOUR : President Higgins; Judges Buergenthal, Owada, Simma, Abra- ham, Keith, Sepúlveda-Amor, Judge ad hoc Gaja; AGAINST: Vice-President Al-Khasawneh; Judges Ranjeva, Shi, Koroma, Tomka, Bennouna, Skotnikov; B. By eight votes to seven, Both Parties shall facilitate, and refrain from placing any impediment to, humanitarian assistance in support of the rights to which the local population are entitled under the International Convention on the Elimi- nation of All Forms of Racial Discrimination; IN FAVOUR : President Higgins; Judges Buergenthal, Owada, Simma, Abra- ham, Keith, Sepúlveda-Amor; Judge ad hoc Gaja; AGAINST: Vice-President Al-Khasawneh; Judges Ranjeva, Shi, Koroma, Tomka, Bennouna, Skotnikov; 49 C. By eight votes to seven, Each Party shall refrain from any action which might prejudice the rights of the other Party in respect of wh",https://www.icj-cij.org/sites/default/files/case-related/140/140-20081015-ORD-01-00-EN.pdf,69788f285ab0258b8308f40a24531dceaf486ae7395fc0e0e746810c001b9db8,2026-08-18,LOCAL_OFFICIAL_TEXT_OPERATIVE_VERIFIED,Suraya Bazarova,HUMAN_MANUAL,DATA_ASSEMBLY_VALIDATION_AND_DIAGNOSTIC_SUPPORT_ONLY
ICJ-144-2009-05-28,144,2009-05-28,Questions relating to the Obligation to Prosecute or Extradite (Belgium v. Senegal),Request for the indication of provisional measures,REQUEST_REJECTED,0,0,NO,,,0,NOT_APPLICABLE_NO_NEW_OR_MODIFIED_MEASURE,"as they now present themselves to the Court, are not such as to require the exercise of its power under Arti- cle 41 of the Statute to indicate provisional measures. IN FAVOUR: President Owada; Judges Shi, Koroma, Al-Khasawneh, Simma, Abraham, Sepúlveda-Amor, Bennouna, Skotnikov, Yusuf, Greenwood; Judges ad hoc Sur, Kirsch; AGAINST: Judge Cançado Trindade. Done in French and in English, the French text being authoritative, at the Peace Palace, The Hague, this twenty-eighth day of May, two thou- sand and nine, in three copies, one of which will be placed in the archives of the Court and the others transmitted to the Government of the King- dom of Belgium and the Government of the Republic of Senegal, respec- tively. (Signed) President. (Signed) Hisashi O WADA , President. (Signed) Philippe COUVREUR , Registrar. Judges K OROMA and Y USUF append a joint declaration to the Order of the Court; Judges A L-KHASAWNEH and SKOTNIKOV append a joint sepa- rate opinion to the Order of the Court; Judge C ANÇADO T RINDADE appends a dissenting opinion to the Order of the Court; Judge ad hUR S appends a separate opinion to the Order of the Court. (Initialled) H.O. (Initialled) Ph.C. 21",https://www.icj-cij.org/sites/default/files/case-related/144/144-20090528-ORD-01-00-EN.pdf,e695ea8504e62d194400bf4f0babcfadc2e593c18e6fa6375c724f4c34824cef,2026-08-18,LOCAL_OFFICIAL_TEXT_OPERATIVE_VERIFIED,Suraya Bazarova,HUMAN_MANUAL,DATA_ASSEMBLY_VALIDATION_AND_DIAGNOSTIC_SUPPORT_ONLY
ICJ-150-2011-03-08,150,2011-03-08,Certain Activities Carried Out by Nicaragua in the Border Area (Costa Rica v. Nicaragua),Provisional measures,NEW_PM,1,1,YES,,each Party shall inform Court; no fixed deadline,,RULE_77_REQUIRES_TRANSMISSION_DOCUMENT_NOT_YET_LOCATED,"For these reasons, The Court, Indicates the following provisional measures : (1) Unanimously, Each Party shall refrain from sending to, or maintaining in the disputed territory, including the caño, any personnel, whether civilian, police or security ; (2) By thirteen votes to four, Notwithstanding point (1) above, Costa Rica may dispatch civilian personnel charged with the protection of the environment to the disputed territory, including the caño, but only in so far as it is necessary to avoid irreparable prejudice being caused to the part of the wetland where thatf territory is situated ; Costa Rica shall consult with the Secretariat of the Ramsar Convention in regard to these actions, give Nicaragua prior notice of them and use its best endeavours to find common solutions withf Nicaragua in this respect ; in favour :President Owada ;Vice‑President Tomka ;Judges Koroma, Al- Khasawneh, Simma, Abraham, Keith, Bennouna, Cançado Trindade, Yusuf, Greenwood, Donoghue ; Judge ad hoc Dugard ; against :Judges Sepúlveda-Amor, Skotnikov, Xue; Judge ad hoc Guillaume ; (3) Unanimously, Each Party shall refrain from any action which might aggravate or extend the dispute before the Court or make it more difficult to resolve ; 2528 certain activities (ofrder 8 III 11) (4) Unanimously, Each Party shall inform the Court as to its compliance with the above provisional measures. Done in English and in French, the English text being authoritative, at f the Peace Palace, The Hague, this eighth day of March, two thousand and eleven, in three copies, one of which will be placed in the archivesf of the Court and the others transmitted to the Government of the Republic of Costa Rica and the Government of the Republic of Nicaragua, respectively. (Signed) Hisashi Owada, President. (Signed) Phili",https://www.icj-cij.org/sites/default/files/case-related/150/150-20110308-ORD-01-00-EN.pdf,8180f094cb98eca443e52f5f6143d7b9fd0fcf6b677c845090ab5d6ed8012741,2026-08-18,LOCAL_OFFICIAL_TEXT_OPERATIVE_VERIFIED,Suraya Bazarova,HUMAN_MANUAL,DATA_ASSEMBLY_VALIDATION_AND_DIAGNOSTIC_SUPPORT_ONLY
ICJ-151-2011-07-18,151,2011-07-18,Request for Interpretation of the Judgment of 15 June 1962 in the Case concerning the Temple of Preah Vihear (Cambodia v. Thailand) (Cambodia v. Thailand),Request for the Indication of Provisional Measures,NEW_PM,1,1,YES,,each Party shall inform Court; no fixed deadline,,RULE_77_REQUIRES_TRANSMISSION_DOCUMENT_NOT_YET_LOCATED,"For these reasons, The Court, (A) Unanimously, Rejects the Kingdom of Thailand’s request to remove the case intro - duced by the Kingdom of Cambodia on 28 April 2011 from the General List of the Court ; (B) Indicates the following provisional measures : (1) By eleven votes to five, Both Parties shall immediately withdraw their military personnel cur - rently present in the provisional demilitarized zone, as defined in paraff - graph 62 of the present Order, and refrain from any military presence within that zone and from any armed activity directed at that zone ; in favour : Vice‑President Tomka ; Judges Koroma, Simma, Abraham, Keith, Bennouna, Skotnikov, Cançado Trindade, Yusuf, Greenwood ; Judge ad hoc Guillaume; against : President Owada ; Judges Al-Khasawneh, Xue, Donoghue ; Judge ad hoc Cot; (2) By fifteen votes to one, Thailand shall not obstruct Cambodia’s free access to the Temple of Preah Vihear or Cambodia’s provision of fresh supplies to its non- military personnel in the Temple ; in favour : President Owada ; Vice‑President Tomka ; Judges Koroma, Al-Khasawneh, Simma, Abraham, Keith, Bennouna, Skotnikov, Cançado Trindade, Yusuf, Greenwood, Xue ; Judges ad hoc Guillaume, Cot ; against : Judge Donoghue ; (3) By fifteen votes to one, Both Parties shall continue the co-operation which they have entered into within ASEAN and, in particular, allow the observers appointed by that organization to have access to the provisional demilitarized zone ; in favour : President Owada ; Vice‑President Tomka ; Judges Koroma, Al-Khasawneh, Simma, Abraham, Keith, Bennouna, Skotnikov, Cançado Trindade, Yusuf, Greenwood, Xue ; Judges ad hoc Guillaume, Cot ; against : Judge Donoghue ; (4) By fifteen votes to one, Both Parties shall refrain from any action which might aggravate or ex",https://www.icj-cij.org/sites/default/files/case-related/151/151-20110718-ORD-01-00-EN.pdf,4e5f35a2e47476cee5de138fdec07ae2724bfecfa5dcfcb6caccbd129b502ae8,2026-08-18,LOCAL_OFFICIAL_TEXT_OPERATIVE_VERIFIED,Suraya Bazarova,HUMAN_MANUAL,DATA_ASSEMBLY_VALIDATION_AND_DIAGNOSTIC_SUPPORT_ONLY
ICJ-150-2013-07-16,150,2013-07-16,Certain Activities Carried Out by Nicaragua in the Border Area (Costa Rica v. Nicaragua),Requests for the modification of the Order of 8 March 2011 indicating provisional measures,REAFFIRMED_PM,0,1,NO,,,,RULE_77_REQUIRES_TRANSMISSION_DOCUMENT_NOT_YET_LOCATED,"For these reasons, The Court, (1) By fifteen votes to two, Finds that the circumstances, as they now present themselves to the Court, are not such as to require the exercise of its power to modify thfe measures indicated in the Order of 8 March 2011 ; in favour :President Tomka ;Vice‑President Sepúlveda-Amor ;Judges Owada, Abraham, Keith, Bennouna, Skotnikov, Yusuf, G reenwood, Xue, Donog- hue, Gaja, Sebutinde, Bhandari; Judge ad hoc Guillaume ; against : Judge Cançado Trindade; Judge ad hoc Dugard ; 14 8 CIJ1048.indb 25 13/06/14 12:44 certain activities; construction of a roafd (order 16 VII 13) 241 (2) Unanimously, Reaffirms the provisional measures indicated in its Order of 8 March 2011, in particular the requirement that the Parties “shall refrain ffrom any action which might aggravate or extend the dispute before the Court f or make it more difficult to resolve”. Done in French and in English, the French text being authoritative, at the Peace Palace, The Hague, this sixteenth day of July, two thousand and thirteen, in three copies, one of which will be placed in the archivfes of the Court and the others transmitted to the Government of the Repub - lic of Costa Rica and the Government of the Republic of Nicaragua, respectively. (Signed) Peter Tomka, President. (Signed) Philippe Couvreur, Registrar. Judge Cançado Trindade appends a dissenting opinion to the Order of the Court ; Judge ad hoc Dugard appends a dissenting opinion to the Order of the Court. (Initialled) P.T. (Initialled) Ph.C. 15 8 CIJ1048.indb 27 13/06/14 12:44",https://www.icj-cij.org/sites/default/files/case-related/150/150-20130716-ORD-01-00-EN.pdf,f3b4205064c251361481d18485d4fca918bf6981f8193059eb1ef86f44d18733,2026-08-18,LOCAL_OFFICIAL_TEXT_OPERATIVE_VERIFIED,Suraya Bazarova,HUMAN_MANUAL,DATA_ASSEMBLY_VALIDATION_AND_DIAGNOSTIC_SUPPORT_ONLY
ICJ-150-2013-11-22,150,2013-11-22,Certain Activities Carried Out by Nicaragua in the Border Area (Costa Rica v. Nicaragua),Request presented by Costa Rica for the Indication of new Provisional Measures,NEW_PM,1,1,YES,90,three-month intervals; separate immediate notice and one-week report after trench completion,,RULE_77_REQUIRES_TRANSMISSION_DOCUMENT_NOT_YET_LOCATED,"For these reasons, The Court, (1) Unanimously, Reaffirms the provisional measures indicated in its Order of 8 March 2011 ; (2) Indicates the following provisional measures : (A) Unanimously, Nicaragua shall refrain from any dredging and other activities in the disputed territory, and shall, in particular, refrain from work of any kgind on the two new caños ; (B) Unanimously, Notwithstanding the provisions of point 2 (A) above and para - graph 86 (1) of the Order of 8 March 2011, Nicaragua shall fill the trench on the beach north of the eastern caño within two weeks from the date of the present Order ; it shall immediately inform the Court of the com- pletion of the filling of the trench and, within one week from the saigd completion, shall submit to it a report containing all necessary detailsg, including photographic evidence ; (C) Unanimously, Except as needed for implementing the obligation under point 2 (B) above, Nicaragua shall (i) cause the removal from the disputed territory of any personnel, whether civilian, police or security ; and (ii) prevent any such personnel from entering the disputed territory ; (D) Unanimously, Nicaragua shall cause the removal from and prevent the entrance into the disputed territory of any private persons under its jurisdiction or gcon trol ; 19 5 Ord 1051.indb 34 24/06/14 15:58 370 certain activities ; construction of a roagd (order 22 XI 13) (E) By fifteen votes to one, Following consultation with the Secretariat of the Ramsar Convention and after giving Nicaragua prior notice, Costa Rica may take appropriate measures related to the two new caños, to the extent necessary to prevent irreparable prejudice to the environment of the disputed territory ; in taking these measures, Costa Rica shall avoid any adverse effects on tghe San Ju",https://www.icj-cij.org/sites/default/files/case-related/150/150-20131122-ORD-01-00-EN.pdf,2ef212aca9e51add94cfa87ef4e61cc84c28dd3b70ac96f04ea59a3f9ffa5807,2026-08-18,LOCAL_OFFICIAL_TEXT_OPERATIVE_VERIFIED,Suraya Bazarova,HUMAN_MANUAL,DATA_ASSEMBLY_VALIDATION_AND_DIAGNOSTIC_SUPPORT_ONLY
ICJ-152-2013-12-13,152,2013-12-13,Construction of a Road in Costa Rica along the San Juan River (Nicaragua v. Costa Rica),Request by Nicaragua for the Indication of Provisional Measures,REQUEST_REJECTED,0,0,NO,,,0,NOT_APPLICABLE_NO_NEW_OR_MODIFIED_MEASURE,"For these reasons, The Court, Unanimously, Finds that the circumstances, as they now present themselves to the Court, are not such as to require the exercise of its power under Articlfe 41 of the Statute to indicate provisional measures. Done in French and in English, the French text being authoritative, at tfhe Peace Palace, The Hague, this thirteenth day of December, two thousand and thirteen, in three copies, one of which will be placed in the archives of the Court and the others transmitted to the Government of the Republic off Nicaragua and the Government of the Republic of Costa Rica, respectivelyf. (Signed) Peter Tomka, President. (Signed) Philippe Couvreur, Registrar. 14 04 CIJ1053.indb 25 23/06/14 11:36",https://www.icj-cij.org/sites/default/files/case-related/152/152-20131213-ORD-01-00-EN.pdf,fcc0fe8783a004c5e3e056ad506a6920966e06bbc09444e2fc00e3218c1d2d38,2026-08-18,LOCAL_OFFICIAL_TEXT_OPERATIVE_VERIFIED,Suraya Bazarova,HUMAN_MANUAL,DATA_ASSEMBLY_VALIDATION_AND_DIAGNOSTIC_SUPPORT_ONLY
ICJ-156-2014-03-03,156,2014-03-03,Questions relating to the Seizure and Detention of Certain Documents and Data (Timor-Leste v. Australia),Request for the indication of provisional measures,NEW_PM,1,1,NO,,,,RULE_77_REQUIRES_TRANSMISSION_DOCUMENT_NOT_YET_LOCATED,"For these reasons, The Court, Indicates the following provisional measures : 17 8 CIJ1061.indb 162 25/03/15 08:46 161 seizure and detentiofn (order 3 III 14) (1) By twelve votes to four, Australia shall ensure that the content of the seized material is not in any way or at any time used by any person or persons to the disadvantagef of Timor‑Leste until the present case has been concluded ; in favour : President Tomka ; Vice‑President Sepúlveda‑Amor ; Judges Owada, Abraham, Bennouna, Skotnikov, Cançado Trindade, Yusuf, Xue, Gaja, Bhandari ;Judge ad hoc Cot ; against : Judges Keith, Greenwood, Donoghue ; Judge ad hoc Callinan ; (2) By twelve votes to four, Australia shall keep under seal the seized documents and electronic data and any copies thereof until further decision of the Court ; in favour : President Tomka ; Vice‑President Sepúlveda‑Amor ; Judges Owada, Abraham, Bennouna, Skotnikov, Cançado Trindade, Yusuf, Xue, Gaja, Bhandari ;Judge ad hoc Cot ; against : Judges Keith, Greenwood, Donoghue ; Judge ad hoc Callinan ; (3) By fifteen votes to one, Australia shall not interfere in any way in communications between Timor‑Leste and its legal advisers in connection with the pending Arbitra ‑ tion under the Timor Sea Treaty of 20 May 2002 between Timor‑Leste and Australia, with any future bilateral negotiations concerning maritime delimitation, or with any other related procedure between the two Statesf, including the present case before the Court. in favour : President Tomka ; Vice‑President Sepúlveda‑Amor ; Judges Owada, Abraham, Keith, Bennouna, Skotnikov, Cançado Trindade, Yusuf, Greenwood, Xue, Donoghue, Gaja, Bhandari ; Judge ad hoc Cot ; against : Judge ad hoc Callinan. Done in English and in French, the English text being authoritative, at f the Peace Palace, The ",https://www.icj-cij.org/sites/default/files/case-related/156/156-20140303-ORD-01-00-EN.pdf,df65e32699b3b20a33bff422681c4e83661bb264bd27f4486604e81b266f5d37,2026-08-18,LOCAL_OFFICIAL_TEXT_OPERATIVE_VERIFIED,Suraya Bazarova,HUMAN_MANUAL,DATA_ASSEMBLY_VALIDATION_AND_DIAGNOSTIC_SUPPORT_ONLY
ICJ-156-2015-04-22,156,2015-04-22,Questions relating to the Seizure and Detention of Certain Documents and Data (Timor-Leste v. Australia),Request for the modification of the Order indicating provisional measures of 3 March 2014,MODIFIED_PM,1,1,NO,,,,RULE_77_REQUIRES_TRANSMISSION_DOCUMENT_NOT_YET_LOCATED,"For these reasons, The Court, (1) Unanimously, 8 5 CIJ1078.indb 144 27/04/16 08:52 561 seizure and detentionl (order 22 IV 15) Authorizes the return, still sealed, to Collaery Lawyers of all the docu ‑ ments and data seized on 3 December 2013 by Australia, and any copies thereof, under the supervision of a representative of Timor‑Leste appointed for that purpose ; (2) Unanimously, Requests the Parties to inform it that the return of the documents and data seized on 3 December 2013 by Australia, and any copies thereof, has been effected and at what date that return took place ; (3) Unanimously, Decides that, upon the return of the documents and data seized on 3 December 2013 by Australia, and any copies thereof, the second mea ‑ sure indicated by the Court in its Order of 3 March 2014 shall cease to have effect. Done in English and in French, the English text being authoritative, at l the Peace Palace, The Hague, this twenty‑second day of April, two thou ‑ sand and fifteen, in three copies, one of which will be placed in the archives of the Court and the others transmitted to the Government of the Democratic Republic of Timor‑Leste and the Government of Austra ‑ lia, respectively. (Signed) Ronny Abraham, President. (Signed) Philippe Couvreur, Registrar. Judge Cançado Trindade appends a separalte opinion to the Order of the Court ; Judge ad hoc Callinan appends a declaration to the Order of the Court. (Initialled) R.A. (Initialled) Ph.C. 9 5 CIJ1078.indb 146 27/04/16 08:52",https://www.icj-cij.org/sites/default/files/case-related/156/156-20150422-ORD-01-00-EN.pdf,a46e5d59d84312642c1443058fb8b55dd2d4ff606622d69c487e31c24c81c4c0,2026-08-18,LOCAL_OFFICIAL_TEXT_OPERATIVE_VERIFIED,Suraya Bazarova,HUMAN_MANUAL,DATA_ASSEMBLY_VALIDATION_AND_DIAGNOSTIC_SUPPORT_ONLY
ICJ-163-2016-12-07,163,2016-12-07,Immunities and Criminal Proceedings (Equatorial Guinea v. France),Request for the indication of provisional measures,NEW_PM,1,1,NO,,,,RULE_77_REQUIRES_TRANSMISSION_DOCUMENT_NOT_YET_LOCATED,"For these reasons, T HE COURT , I. Unanimously, Indicates the following provisional measures: France shall, pending a final decision in the case, take all measures at its disposal to ensure that the premises presented as housing the diplomatic mission of Equatorial Guinea at 42 avenue Foch in Paris enjoy treatment equivalent to that required by Article 22 of the Vienna Convention on Diplomatic Relations, in order to ensure their inviolability; II. Unanimously, Rejects the request of France to remove the case from the General List. Done in French and in English, the French text being authoritative, at the Peace Palace, The Hague, this seventh day of December two thousand and sixteen, in three copies, one of which will be placed in the archives of the Court and the others transmitted to the Government of the Republic of Equatorial Guinea and the Government of the French Republic. (Signed) Abdulqawi A. Y USUF , Vice-President. (Signed) Philippe C OUVREUR , Registrar. - 24 - Judge XUE appends a separate opinion to the Order of the Court; Judges GAJA and G EVORGIAN append declarations to the Order of the Court; Judge ad hocATEKA appends a separate opinion to the Order of the Court. (Initialled) A. A. Y. (Initialled) Ph. C. ___________",https://www.icj-cij.org/sites/default/files/case-related/163/163-20161207-ORD-01-00-EN.pdf,1c01facd1eed1182f9aa52d3999c623db1fc4eeeb59f9eb021490f0b8704c604,2026-08-18,LOCAL_OFFICIAL_TEXT_OPERATIVE_VERIFIED,Suraya Bazarova,HUMAN_MANUAL,DATA_ASSEMBLY_VALIDATION_AND_DIAGNOSTIC_SUPPORT_ONLY
ICJ-166-2017-04-19,166,2017-04-19,Application of the International Convention for the Suppression of the Financing of Terrorism and of the International Convention on the Elimination of All Forms of Racial Discrimination (Ukraine v. Russian Federation),Request for the indication of Provisional Measures,NEW_PM,1,1,NO,,,,RULE_77_REQUIRES_TRANSMISSION_DOCUMENT_NOT_YET_LOCATED,"For these reasons: THE COURT , Indicates the following provisional measures, (1) With regard to the situation in Crimea, the Russian Federation must, in accordance with its obligations under the International Convention on the Elimination of All Forms of Racial Discrimination, (a) By thirteen votes to three, Refrain from maintaining or imposing limitations on the ability of the Crimean Tatar community to conserve its representative institutions, including the Mejlis; IN FAVOUR : President BRAHAM ; Vice-President YUSUF; Judges OWADA , BENNOUNA , C ANÇADO TRINDADE , G REENWOOD , D ONOGHUE , G AJA, S EBUTINDE , B HANDARI , R OBINSON , RAWFORD ; Judge ad hocOCAR ; AGAINST: Judges OMKA , UE ; Judge ad hocKOTNIKOV ; (b) Unanimously, Ensure the availability of education in the Ukrainian language; (2) Unanimously, Both Parties shall refrain from any action which might aggravate or extend the dispute before the Court or make it more difficult to resolve. - 36 - Done in French and in English, the French text being authoritative, at the Peace Palace, The Hague, this nineteenth day of April two thousand and seventeen, in three copies, one of which will be placed in the archives of the Court and the others transmitted to the Government of Ukraine and the Government of the Russian Federation. (Signed) RonnyA BRAHAM , President. (Signed) Philippe COUVREUR , Registrar. Judge O WADA appends a separate opinion to the Order of the Court; Judge T OMKA appends a declaration to the Order of the Court; Judges ANÇADO TRINDADE and B HANDARI append separate opinions to the Order of the Court; JuRAWFORD appends a declaration to the Order of the Court; Judges ad hocOCAR and SKOTNIKOV append separate opinions to the Order of the Court. (Initialled) R. A. (Initialled) Ph. C. ___________",https://www.icj-cij.org/sites/default/files/case-related/166/166-20170419-ORD-01-00-EN.pdf,7a83a96858b13cc4f73acb869d58419cb318bc2b2cfa3ab808e6080c3aee8779,2026-08-18,LOCAL_OFFICIAL_TEXT_OPERATIVE_VERIFIED,Suraya Bazarova,HUMAN_MANUAL,DATA_ASSEMBLY_VALIDATION_AND_DIAGNOSTIC_SUPPORT_ONLY
ICJ-168-2017-05-18,168,2017-05-18,Jadhav (India v. Pakistan),Request for the indication of provisional measures,NEW_PM,1,1,YES,,inform Court; no fixed deadline in dispositif,,RULE_77_REQUIRES_TRANSMISSION_DOCUMENT_NOT_YET_LOCATED,"For these reasons, THE C OURT , I. Unanimously, Indicates the following provisional measures: Pakistan shall take all measures at its disposal to ensure that Mr. Jadhav is not executed pending the final decision in these proceedings and shall inform the Court of all the measures taken in implementation of the present Order. II. Unanimously, Decides that, until the Court has given its final decision, it shall remain seised of the matters which form the subject-matter of this Order. Done in English and in French, the English text being authoritative, at the Peace Palace, The Hague, this eighteenth day of May two thousand and seventeen, in three copies, one of which will be placed in the archives of the Court and the others transmitted to the Government of the Republic of India and the Government of the Islamic Republic of Pakistan. (Signed) RonnyA BRAHAM , President. (Signed) Philippe C OUVREUR , Registrar. Judge C ANÇADO TRINDADE appends a separate opinion to the Order of the Court; Judge B HANDARI appends a declaration to the Order of the Court. (Initialled) R. A. (Initialled) Ph. C. ___________",https://www.icj-cij.org/sites/default/files/case-related/168/168-20170518-ORD-01-00-EN.pdf,ed2cb199457946119a9c48753e25becdea5005074fb53275f913c543e612fede,2026-08-18,LOCAL_OFFICIAL_TEXT_OPERATIVE_VERIFIED,Suraya Bazarova,HUMAN_MANUAL,DATA_ASSEMBLY_VALIDATION_AND_DIAGNOSTIC_SUPPORT_ONLY
ICJ-172-2018-07-23,172,2018-07-23,Application of the International Convention on the Elimination of All Forms of Racial Discrimination (Qatar v. United Arab Emirates),Request for the indication of provisional measures of Qatar,NEW_PM,1,1,NO,,,,RULE_77_REQUIRES_TRANSMISSION_DOCUMENT_NOT_YET_LOCATED,"For these reasons, THE COURT, Indicates the following provisional measures: (1) By eight votes to seven, The United Arab Emirates must ensure that (i) families that include a Qatari, separated by the measures adopted by the United Arab Emirates on 5 June 2017, are reunited; (ii) Qatari students affected by the measures adopted by the United Arab Emirates on 5 June 2017 are given the opportunity to complete their education in the United Arab Emirates or to obtain their educational records if they wish to continue their studies elsewhere; and (iii) Qataris affected by the measures adopted by the United Arab Emirates on 5 June 2017 are allowed access to tribunals and other judicial organs of the United Arab Emirates; IN FAVOUR: President Yusuf; Vice-President Xue; Judges Abraham, Bennouna, Cançado Trindade, Sebutinde, Robinson; Judge ad hoc Daudet; AGAINST: Judges Tomka, Gaja, Bhandari, Crawford, Gevorgian, Salam; Judge ad hoc Cot; (2) By eleven votes to four, Both Parties shall refrain from any action which might aggravate or extend the dispute before the Court or make it more difficult to resolve. IN FAVOUR: President Yusuf; Vice-President Xue; Judges Tomka, Abraham, Bennouna, Cançado Trindade, Gaja, Sebutinde, Bhandari, Robinson; Judge ad hoc Daudet; AGAINST: Judges Crawford, Gevorgian, Salam; Judge ad hoc Cot. Done in English and in French, the English text being authoritative, at the Peace Palace, The Hague, this twenty-third day of July, two thousand and eighteen, in three copies, one of which will be placed in the archives of the Court and the others transmitted to the Government of the State of Qatar and the Government of the United Arab Emirates, respectively. (Signed) Abdulqawi Ahmed YUSUF, President. (Signed) Philippe COUVREUR, Registrar. - 28 - Judges TOMKA, GA",https://www.icj-cij.org/sites/default/files/case-related/172/172-20180723-ORD-01-00-EN.pdf,b83445df9287f42829a09a0c4319c917b7d6273dd2ff99521e740ae048ddd072,2026-08-18,LOCAL_OFFICIAL_TEXT_OPERATIVE_VERIFIED,Suraya Bazarova,HUMAN_MANUAL,DATA_ASSEMBLY_VALIDATION_AND_DIAGNOSTIC_SUPPORT_ONLY
ICJ-172-2019-06-14,172,2019-06-14,Application of the International Convention on the Elimination of All Forms of Racial Discrimination (Qatar v. United Arab Emirates),Request for the indication of provisional measures of the United Arab Emirates,REQUEST_REJECTED,0,0,NO,,,0,NOT_APPLICABLE_NO_NEW_OR_MODIFIED_MEASURE,"For these reasons, THE COURT, By fifteen votes to one, Rejects the Request for the indication of provisional measures submitted by the United Arab Emirates on 22 March 2019. IN FAVOUR: President Yusuf; Vice-President Xue; Judges Tomka, Abraham, Bennouna, Cançado Trindade, Donoghue, Gaja, Bhandari, Robinson, Crawford, Gevorgian, Salam, Iwasawa; Judge ad hoc Daudet; AGAINST: Judge ad hoc Cot. - 11 - Done in English and in French, the English text being authoritative, at the Peace Palace, The Hague, this fourteenth day of June, two thousand and nineteen, in three copies, one of which will be placed in the archives of the Court and the others transmitted to the Government of the State of Qatar and the Government of the United Arab Emirates, respectively. (Signed) Abdulqawi Ahmed YUSUF, President. (Signed) Philippe COUVREUR, Registrar. Vice-President XUE appends a declaration to the Order of the Court; Judges TOMKA, GAJA and GEVORGIAN append a joint declaration to the Order of the Court; Judges ABRAHAM and CANÇADO TRINDADE append separate opinions to the Order of the Court; Judge SALAM appends a declaration to the Order of the Court; Judge ad hoc COT appends a dissenting opinion to the Order of the Court. (Initialled) A.A.Y. (Initialled) Ph.C. ___________",https://www.icj-cij.org/sites/default/files/case-related/172/172-20190614-ORD-01-00-EN.pdf,fecdc5fd3142fe3306f19dff3c59570555a329f14343ea48a0b2e2ec74d06c76,2026-08-18,LOCAL_OFFICIAL_TEXT_OPERATIVE_VERIFIED,Suraya Bazarova,HUMAN_MANUAL,DATA_ASSEMBLY_VALIDATION_AND_DIAGNOSTIC_SUPPORT_ONLY
ICJ-178-2020-01-23,178,2020-01-23,Application of the Convention on the Prevention and Punishment of the Crime of Genocide (The Gambia v. Myanmar: 11 States intervening),Request for the indication of provisional measures,NEW_PM,1,1,YES,120,first report within four months; thereafter every six months,,RULE_77_REQUIRES_TRANSMISSION_DOCUMENT_NOT_YET_LOCATED,"For these reasons, THE COURT, Indicates the following provisional measures: (1) Unanimously, The Republic of the Union of Myanmar shall, in accordance with its obligations under the Convention on the Prevention and Punishment of the Crime of Genocide, in relation to the members of the Rohingya group in its territory, take all measures within its power to prevent the commission of all acts within the scope of Article II of this Convention, in particular: (a) killing members of the group; (b) causing serious bodily or mental harm to the members of the group; (c) deliberately inflicting on the group conditions of life calculated to bring about its physical destruction in whole or in part; and (d) imposing measures intended to prevent births within the group; (2) Unanimously, The Republic of the Union of Myanmar shall, in relation to the members of the Rohingya group in its territory, ensure that its military, as well as any irregular armed units which may be directed or supported by it and any organizations and persons which may be subject to its control, direction or influence, do not commit any acts described in point (1) above, or of conspiracy to commit genocide, of direct and public incitement to commit genocide, of attempt to commit genocide, or of complicity in genocide; (3) Unanimously, The Republic of the Union of Myanmar shall take effective measures to prevent the destruction and ensure the preservation of evidence related to allegations of acts within the scope of Article II of the Convention on the Prevention and Punishment of the Crime of Genocide; (4) Unanimously, The Republic of the Union of Myanmar shall submit a report to the Court on all measures taken to give effect to this Order within four months, as from the date of this Order, and thereafter every s",https://www.icj-cij.org/sites/default/files/case-related/178/178-20200123-ORD-01-00-EN.pdf,5449af49f588b60ce556dd1a4791823fac82c66f1c8345c87ad610a7b7d50a18,2026-08-18,LOCAL_OFFICIAL_TEXT_OPERATIVE_VERIFIED,Suraya Bazarova,HUMAN_MANUAL,DATA_ASSEMBLY_VALIDATION_AND_DIAGNOSTIC_SUPPORT_ONLY
ICJ-180-2021-12-07,180,2021-12-07,Application of the International Convention on the Elimination of All Forms of Racial Discrimination (Armenia v. Azerbaijan),Request for the indication of provisional measures,NEW_PM,1,1,NO,,,,RULE_77_REQUIRES_TRANSMISSION_DOCUMENT_NOT_YET_LOCATED,"For these reasons, THE COURT, Indicates the following provisional measures: (1) The Republic of Azerbaijan shall, in accordance with its obligations under the International Convention on the Elimination of All Forms of Racial Discrimination, (a) By fourteen votes to one, Protect from violence and bodily harm all persons captured in relation to the 2020 Conflict who remain in detention, and ensure their security and equality before the law; IN FAVOUR: President Donoghue; Vice-President Gevorgian; Judges Tomka, Abraham, Bennouna, Xue, Sebutinde, Bhandari, Robinson, Salam, Iwasawa, Nolte; Judges ad hoc Keith, Daudet; AGAINST: Judge Yusuf; (b) Unanimously, Take all necessary measures to prevent the incitement and promotion of racial hatred and discrimination, including by its officials and public institutions, targeted at persons of Armenian national or ethnic origin; (c) By thirteen votes to two, Take all necessary measures to prevent and punish acts of vandalism and desecration affecting Armenian cultural heritage, including but not limited to churches and other places of worship, monuments, landmarks, cemeteries and artefacts; IN FAVOUR: President Donoghue; Vice-President Gevorgian; Judges Tomka, Abraham, Bennouna, Xue, Sebutinde, Bhandari, Robinson, Salam, Iwasawa, Nolte; Judge ad hoc Daudet; AGAINST: Judge Yusuf; Judge ad hoc Keith; (2) Unanimously, Both Parties shall refrain from any action which might aggravate or extend the dispute before the Court or make it more difficult to resolve. - 30 - Done in French and in English, the French text being authoritative, at the Peace Palace, The Hague, this seventh day of December, two thousand and twenty-one, in three copies, one of which will be placed in the archives of the Court and the others transmitted to the Government ",https://www.icj-cij.org/sites/default/files/case-related/180/180-20211207-ORD-01-00-EN.pdf,8d1b9af68a8221596e23e66dcc59bb9ac98e55092a89af76d06e9728675ee0d8,2026-08-18,LOCAL_OFFICIAL_TEXT_OPERATIVE_VERIFIED,Suraya Bazarova,HUMAN_MANUAL,DATA_ASSEMBLY_VALIDATION_AND_DIAGNOSTIC_SUPPORT_ONLY
ICJ-181-2021-12-07,181,2021-12-07,Application of the International Convention on the Elimination of All Forms of Racial Discrimination (Azerbaijan v. Armenia),Request for the indication of provisional measures,NEW_PM,1,1,NO,,,,RULE_77_REQUIRES_TRANSMISSION_DOCUMENT_NOT_YET_LOCATED,"For these reasons, THE COURT, Indicates the following provisional measures: (1) Unanimously, The Republic of Armenia shall, in accordance with its obligations under the International Convention on the Elimination of All Forms of Racial Discrimination, take all necessary measures to prevent the incitement and promotion of racial hatred, including by organizations and private persons in its territory, targeted at persons of Azerbaijani national or ethnic origin; (2) Unanimously, Both Parties shall refrain from any action which might aggravate or extend the dispute before the Court or make it more difficult to resolve. Done in French and in English, the French text being authoritative, at the Peace Palace, The Hague, this seventh day of December, two thousand and twenty-one, in three copies, one of which will be placed in the archives of the Court and the others transmitted to the Government of the Republic of Azerbaijan and the Government of the Republic of Armenia, respectively. (Signed) Joan E. DONOGHUE, President. (Signed) Philippe GAUTIER, Registrar. - 24 - Judge IWASAWA appends a declaration to the Order of the Court. (Initialled) J.E.D. (Initialled) Ph.G. ___________",https://www.icj-cij.org/sites/default/files/case-related/181/181-20211207-ORD-01-00-EN.pdf,701d2ac4ca7757cf86f6124bc856b04328d961b0825ee816f0ba16c4fb7875a9,2026-08-18,LOCAL_OFFICIAL_TEXT_OPERATIVE_VERIFIED,Suraya Bazarova,HUMAN_MANUAL,DATA_ASSEMBLY_VALIDATION_AND_DIAGNOSTIC_SUPPORT_ONLY
ICJ-182-2022-03-16,182,2022-03-16,Allegations of Genocide under the Convention on the Prevention and Punishment of the Crime of Genocide (Ukraine v. Russian Federation),Request for the indication of provisional measures,NEW_PM,1,1,NO,,,,RULE_77_REQUIRES_TRANSMISSION_DOCUMENT_NOT_YET_LOCATED,"For these reasons, The Court, Indicates the following provisional measures: (1) By thirteen votes to two, 231 allegations of genocide (order 16 III 22) 24 The Russian Federation shall immediately suspend the military operations that it commenced on 24 February 2022 in the territory of Ukraine; in favour: President Donoghue; Judges Tomka, Abraham, Bennouna, Yusuf, Sebutinde, Bhandari, Robinson, Salam, Iwasawa, Nolte, Charlesworth; Judge ad hoc Daudet; against: Vice-President Gevorgian; Judge Xue; (2) By thirteen votes to two, The Russian Federation shall ensure that any military or irregular armed units which may be directed or supported by it, as well as any organizations and persons which may be subject to its control or direction, take no steps in furtherance of the military operations referred to in point 1 above; in favour: President Donoghue; Judges Tomka, Abraham, Bennouna, Yusuf, Sebutinde, Bhandari, Robinson, Salam, Iwasawa, Nolte, Charlesworth; Judge ad hoc Daudet; against: Vice-President Gevorgian; Judge Xue; (3) Unanimously, Both Parties shall refrain from any action which might aggravate or extend the dispute before the Court or make it more difficult to resolve. Done in English and in French, the English text being authoritative, at the Peace Palace, The Hague, this sixteenth day of March, two thousand and twenty-two, in three copies, one of which will be placed in the archives of the Court and the others transmitted to the Government of Ukraine and the Government of the Russian Federation, respectively. (Signed) Joan E. Donoghue, President. (Signed) Philippe Gautier, Registrar. Vice-President Gevorgian appends a declaration to the Order of the Court; Judges Bennouna and Xue append declarations to the Order of the Court; Judge Robinson appends a separate op",https://www.icj-cij.org/sites/default/files/case-related/182/182-20220316-ord-01-00-en.pdf,0f1d7a971fbd83c8539b4e3f88651873a59455a02176c1a26da0357830ac6bc4,2026-08-18,LOCAL_OFFICIAL_TEXT_OPERATIVE_VERIFIED,Suraya Bazarova,HUMAN_MANUAL,DATA_ASSEMBLY_VALIDATION_AND_DIAGNOSTIC_SUPPORT_ONLY
ICJ-183-2022-05-10,183,2022-05-10,Questions of jurisdictional immunities of the State and measures of constraint against State-owned property (Germany v. Italy),Withdrawal of the Request for the indication of provisional measures,WITHDRAWN_DISCONTINUED,0,0,NO,,,0,NOT_APPLICABLE_NO_NEW_OR_MODIFIED_MEASURE,"INTERNATIONAL COURT OF JUSTICE REPORTS OF JUDGMENTS, ADVISORY OPINIONS AND ORDERS QUESTIONS OF JURISDICTIONAL IMMUNITIES OF THE STATE AND MEASURES OF CONSTRAINT AGAINST STATE‑OWNED PROPERTY (GERMANY v. ITALY) WITHDRAWAL OF THE REQUEST FOR THE INDICATION OF PROVISIONAL MEASURES ORDER OF 10 MAY 2022 2022 COUR INTERNATIONALE DE JUSTICE RECUEIL DES ARRÊTS, AVIS CONSULTATIFS ET ORDONNANCES QUESTIONS RELATIVES AUX IMMUNITÉS JURIDICTIONNELLES DE L’ÉTAT ET AUX MESURES DE CONTRAINTE CONTRE DES BIENS APPARTENANT À L’ÉTAT (ALLEMAGNE c. ITALIE) RETRAIT DE LA DEMANDE EN INDICATION DE MESURES CONSERVATOIRES ORDONNANCE DU 10 MAI 2022 Official citation: Questions of Jurisdictional Immunities of the State and Measures of Constraint against State-Owned Property (Germany v. Italy), Withdrawal of the Request for the Indication of Provisional Measures, Order of 10 May 2022, I.C.J. Reports 2022, p. 462 Mode officiel de citation : Questions relatives aux immunités juridictionnelles de l’Etat et aux mesures de contrainte contre des biens appartenant à l’Etat (Allemagne c. Italie), retrait de la demande en indication de mesures conservatoires, ordonnance du 10 mai 2022, C.I.J. Recueil 2022, p. 462 ISSN 0074-4441 ISBN 978-92-1-003908-6 Sales number No de vente : 1245 © 2023 ICJ/CIJ, United Nations/Nations Unies All rights reserved/Tous droits réservés printed in france/imprimé en france QUESTIONS OF JURISDICTIONAL IMMUNITIES OF THE STATE AND MEASURES OF CONSTRAINT AGAINST STATE‑OWNED PROPERTY (GERMANY v. ITALY) WITHDRAWAL OF THE REQUEST FOR THE INDICATION OF PROVISIONAL MEASURES QUESTIONS RELATIVES AUX IMMUNITÉS JURIDICTIONNELLES DE L’ÉTAT ET AUX MESURES DE CONTRAINTE CONTRE DES BIENS APPARTENANT À L’ÉTAT (ALLEMAGNE c. ITALIE) RETRAIT DE LA DEMANDE EN INDICATION DE MESURES CONSERVATOIRES 10 MAY ",https://www.icj-cij.org/sites/default/files/case-related/183/183-20220510-ord-01-00-en.pdf,c0a8bc3f2a0129277239a10c5fa939c12ac7732ff6bf18617de346551e738c2c,2026-08-18,LOCAL_OFFICIAL_TEXT_OPERATIVE_VERIFIED,Suraya Bazarova,HUMAN_MANUAL,DATA_ASSEMBLY_VALIDATION_AND_DIAGNOSTIC_SUPPORT_ONLY
ICJ-180-2022-10-12,180,2022-10-12,Application of the International Convention on the Elimination of All Forms of Racial Discrimination (Armenia v. Azerbaijan),Request for the modification of the Order of 7 December 2021 indicating provisional measures,REAFFIRMED_PM,0,1,NO,,,,RULE_77_REQUIRES_TRANSMISSION_DOCUMENT_NOT_YET_LOCATED,"For these reasons, THE COURT, (1) By thirteen votes to three, Finds that the circumstances, as they now present themselves to the Court, are not such as to require the exercise of its power to modify the measures indicated in the Order of 7 December 2021; IN FAVOUR: President Donoghue; Vice-President Gevorgian; Judges Tomka, Abraham, Bennouna, Yusuf, Xue, Salam, Iwasawa, Nolte, Charlesworth; Judges ad hoc Keith, Daudet; AGAINST: Judges Sebutinde, Bhandari, Robinson; (2) Unanimously, Reaffirms the provisional measures indicated in its Order of 7 December 2021, in particular the requirement that both Parties “shall refrain from any action which might aggravate or extend the dispute before the Court or make it more difficult to resolve”. - 7 - Done in French and in English, the French text being authoritative, at the Peace Palace, The Hague, this twelfth day of October, two thousand and twenty-two, in three copies, one of which will be placed in the archives of the Court and the others transmitted to the Government of the Republic of Armenia and the Government of the Republic of Azerbaijan, respectively. (Signed) Joan E. DONOGHUE, President. (Signed) Sergey PUNZHIN, Acting Registrar. Judge TOMKA appends a declaration to the Order of the Court; Judge SEBUTINDE appends a separate opinion to the Order of the Court; Judge BHANDARI appends a dissenting opinion to the Order of the Court; Judge ROBINSON appends a separate opinion to the Order of the Court; Judge ad hoc DAUDET appends a declaration to the Order of the Court. (Initialled) J.E.D. (Initialled) S.P. ___________",https://www.icj-cij.org/sites/default/files/case-related/180/180-20221012-ord-01-00-en.pdf,13898a5bee5e4c77939b45f5e9b31d67d290907f52b624071360271e0663a3a3,2026-08-18,LOCAL_OFFICIAL_TEXT_OPERATIVE_VERIFIED,Suraya Bazarova,HUMAN_MANUAL,DATA_ASSEMBLY_VALIDATION_AND_DIAGNOSTIC_SUPPORT_ONLY
ICJ-184-2022-10-21,184,2022-10-21,Request relating to the Return of Property Confiscated in Criminal Proceedings (Equatorial Guinea v. France),Withdrawal of the Request for the indication of provisional measures,WITHDRAWN_DISCONTINUED,0,0,NO,,,0,NOT_APPLICABLE_NO_NEW_OR_MODIFIED_MEASURE,"21 OCTOBRE 2022 ORDONNANCE DEMANDE CONCERNANT LA RESTITUTION DE BIENS CONFISQUÉS DANS LE CADRE DE PROCÉDURES PÉNALES (GUINÉE ÉQUATORIALE c. FRANCE) ___________ REQUEST RELATING TO THE RETURN OF PROPERTY CONFISCATED IN CRIMINAL PROCEEDINGS (EQUATORIAL GUINEA v. FRANCE) 21 OCTOBER 2022 ORDER INTERNATIONAL COURT OF JUSTICE YEAR 2022 2022 21 October General List No. 184 21 October 2022 REQUEST RELATING TO THE RETURN OF PROPERTY CONFISCATED IN CRIMINAL PROCEEDINGS (EQUATORIAL GUINEA v. FRANCE) REQUEST FOR THE INDICATION OF PROVISIONAL MEASURES ORDER The President of the International Court of Justice, Having regard to Articles 41 and 48 of the Statute of the Court and Articles 73 and 74 of the Rules of Court, Having regard to the Application filed by the Republic of Equatorial Guinea (hereinafter “Equatorial Guinea”) on 29 September 2022 instituting proceedings against the French Republic (hereinafter “France”) concerning the alleged violation, by France, of its obligations under the United Nations Convention against Corruption of 31 October 2003, Having regard to the Request for the indication of provisional measures submitted together with the Application, whereby Equatorial Guinea, referring to Article 41 of the Statute of the Court and Articles 73, 74 and 75 of the Rules of Court, asked the Court to indicate the following provisional measures: - 2 - “(a) France must suspend the competitive bidding procedure in respect of the building located at 40-42 avenue Foch in Paris; (b) France must take all measures within its power to ensure that the building located at 40-42 avenue Foch in Paris is not offered for sale; (c) France must refrain from any action which might aggravate or extend the dispute before the Court or make it more difficult to resolve”; Whereas the Registrar ",https://www.icj-cij.org/sites/default/files/case-related/184/184-20221021-ord-01-00-enc.pdf,64a25dc6d0168295be1aac796cfc515b0cfa7ca7cd21131466899fd0b4703715,2026-08-18,LOCAL_OFFICIAL_TEXT_OPERATIVE_VERIFIED,Suraya Bazarova,HUMAN_MANUAL,DATA_ASSEMBLY_VALIDATION_AND_DIAGNOSTIC_SUPPORT_ONLY
ICJ-180-2023-02-22,180,2023-02-22,Application of the International Convention on the Elimination of All Forms of Racial Discrimination (Armenia v. Azerbaijan),Request for the indication of provisional measures,NEW_PM,1,1,NO,,,,RULE_77_REQUIRES_TRANSMISSION_DOCUMENT_NOT_YET_LOCATED,"For these reasons, THE COURT, By thirteen votes to two, Indicates the following provisional measure: The Republic of Azerbaijan shall, pending the final decision in the case and in accordance with its obligations under the International Convention on the Elimination of All Forms of Racial Discrimination, take all measures at its disposal to ensure unimpeded movement of persons, vehicles and cargo along the Lachin Corridor in both directions. IN FAVOUR: President Donoghue; Vice-President Gevorgian; Judges Tomka, Abraham, Bennouna, Xue, Robinson, Salam, Iwasawa, Nolte, Charlesworth, Brant; Judge ad hoc Daudet; AGAINST: Judge Yusuf; Judge ad hoc Keith. - 15 - Done in English and in French, the English text being authoritative, at the Peace Palace, The Hague, this twenty-second day of February, two thousand and twenty-three, in three copies, one of which will be placed in the archives of the Court and the others transmitted to the Government of the Republic of Armenia and the Government of the Republic of Azerbaijan, respectively. (Signed) Joan E. DONOGHUE, President. (Signed) Philippe GAUTIER, Registrar. Judge YUSUF appends a declaration to the Order of the Court; Judge ad hoc KEITH appends a declaration to the Order of the Court. (Initialled) J.E.D. (Initialled) Ph.G. ___________",https://www.icj-cij.org/sites/default/files/case-related/180/180-20230222-ord-01-00-en.pdf,c5193a81cb8af559ca2538b44916b93216f40a35bd07d3343de8325177f64cca,2026-08-18,LOCAL_OFFICIAL_TEXT_OPERATIVE_VERIFIED,Suraya Bazarova,HUMAN_MANUAL,DATA_ASSEMBLY_VALIDATION_AND_DIAGNOSTIC_SUPPORT_ONLY
ICJ-181-2023-02-22,181,2023-02-22,Application of the International Convention on the Elimination of All Forms of Racial Discrimination (Azerbaijan v. Armenia),Request for the indication of provisional measures,REQUEST_REJECTED,0,0,NO,,,0,NOT_APPLICABLE_NO_NEW_OR_MODIFIED_MEASURE,"For these reasons, THE COURT, Unanimously, Rejects the Request for the indication of provisional measures submitted by the Republic of Azerbaijan on 4 January 2023. - 8 - Done in French and in English, the French text being authoritative, at the Peace Palace, The Hague, this twenty-second day of February, two thousand and twenty-three, in three copies, one of which will be placed in the archives of the Court and the others transmitted to the Government of the Republic of Azerbaijan and the Government of the Republic of Armenia, respectively. (Signed) Joan E. DONOGHUE, President. (Signed) Philippe GAUTIER, Registrar. Judge SEBUTINDE appends a declaration to the Order of the Court; Judges CHARLESWORTH and BRANT append a joint declaration to the Order of the Court; Judge ad hoc KEITH appends a declaration to the Order of the Court. (Initialled) J.E.D. (Initialled) Ph.G. ___________",https://www.icj-cij.org/sites/default/files/case-related/181/181-20230222-ord-01-00-en.pdf,50c85d566fce174a8dc519fdc2e056914972165fea2942905780bf8e79532e6f,2026-08-18,LOCAL_OFFICIAL_TEXT_OPERATIVE_VERIFIED,Suraya Bazarova,HUMAN_MANUAL,DATA_ASSEMBLY_VALIDATION_AND_DIAGNOSTIC_SUPPORT_ONLY
ICJ-180-2023-07-06,180,2023-07-06,Application of the International Convention on the Elimination of All Forms of Racial Discrimination (Armenia v. Azerbaijan),Request for the modification of the Order of 22 February 2023 indicating a provisional measure,REAFFIRMED_PM,0,1,NO,,,,RULE_77_REQUIRES_TRANSMISSION_DOCUMENT_NOT_YET_LOCATED,"For these reasons, THE COURT, (1) Unanimously, Finds that the circumstances, as they now present themselves to the Court, are not such as to require the exercise of its power to modify the Order of 22 February 2023 indicating a provisional measure; (2) Unanimously, Reaffirms the provisional measure indicated in its Order of 22 February 2023. Done in English and in French, the English text being authoritative, at the Peace Palace, The Hague, this sixth day of July, two thousand and twenty-three, in three copies, one of which will be placed in the archives of the Court and the others transmitted to the Government of the Republic of Armenia and the Government of the Republic of Azerbaijan, respectively. (Signed) Joan E. DONOGHUE, President. (Signed) Philippe GAUTIER, Registrar. ___________",https://www.icj-cij.org/sites/default/files/case-related/180/180-20230706-ord-01-00-en.pdf,54739e03a88906f64ea570edb8ced2bec9c0c1f969bf7686f6ed2fed511a0ca7,2026-08-18,LOCAL_OFFICIAL_TEXT_OPERATIVE_VERIFIED,Suraya Bazarova,HUMAN_MANUAL,DATA_ASSEMBLY_VALIDATION_AND_DIAGNOSTIC_SUPPORT_ONLY
ICJ-188-2023-11-16,188,2023-11-16,"Application of the Convention against Torture and Other Cruel, Inhuman or Degrading Treatment or Punishment (Canada and Netherlands v. Syrian Arab Republic)",Request for the indication of provisional measures,NEW_PM,1,1,NO,,,,RULE_77_REQUIRES_TRANSMISSION_DOCUMENT_NOT_YET_LOCATED,"For these reasons, THE COURT, Indicates the following provisional measures: (1) By thirteen votes to two, The Syrian Arab Republic shall, in accordance with its obligations under the Convention against Torture and Other Cruel, Inhuman or Degrading Treatment or Punishment, take all measures within its power to prevent acts of torture and other cruel, inhuman or degrading treatment or - 22 - punishment and ensure that its officials, as well as any organizations or persons which may be subject to its control, direction or influence, do not commit any acts of torture or other acts of cruel, inhuman or degrading treatment or punishment; IN FAVOUR: President Donoghue; Judges Tomka, Abraham, Bennouna, Yusuf, Sebutinde, Bhandari, Robinson, Salam, Iwasawa, Nolte, Charlesworth, Brant; AGAINST: Vice-President Gevorgian; Judge Xue; (2) By thirteen votes to two, The Syrian Arab Republic shall take effective measures to prevent the destruction and ensure the preservation of any evidence related to allegations of acts within the scope of the Convention against Torture and Other Cruel, Inhuman or Degrading Treatment or Punishment. IN FAVOUR: President Donoghue; Judges Tomka, Abraham, Bennouna, Yusuf, Sebutinde, Bhandari, Robinson, Salam, Iwasawa, Nolte, Charlesworth, Brant; AGAINST: Vice-President Gevorgian; Judge Xue. Done in French and in English, the French text being authoritative, at the Peace Palace, The Hague, this sixteenth day of November, two thousand and twenty-three, in four copies, one of which will be placed in the archives of the Court and the others transmitted to the Government of Canada, the Government of the Kingdom of the Netherlands and the Government of the Syrian Arab Republic, respectively. (Signed) Joan E. DONOGHUE, President. (Signed) Philippe GAUTIER, Registr",https://www.icj-cij.org/sites/default/files/case-related/188/188-20231116-ord-01-00-en.pdf,1c6dcd61103f933eb3885fb22d6ace3195f1afc2ac03f59c18a5de3c9a0a585f,2026-08-18,LOCAL_OFFICIAL_TEXT_OPERATIVE_VERIFIED,Suraya Bazarova,HUMAN_MANUAL,DATA_ASSEMBLY_VALIDATION_AND_DIAGNOSTIC_SUPPORT_ONLY
ICJ-180-2023-11-17,180,2023-11-17,Application of the International Convention on the Elimination of All Forms of Racial Discrimination (Armenia v. Azerbaijan),Request for the indication of provisional measures,NEW_PM,1,1,YES,56,report within eight weeks,,RULE_77_REQUIRES_TRANSMISSION_DOCUMENT_NOT_YET_LOCATED,"For these reasons, THE COURT, Indicates the following provisional measures: (1) By thirteen votes to two, The Republic of Azerbaijan shall, in accordance with its obligations under the International Convention on the Elimination of All Forms of Racial Discrimination, (i) ensure that persons who have left Nagorno-Karabakh after 19 September 2023 and who wish to return to Nagorno-Karabakh are able to do so in a safe, unimpeded and expeditious manner; (ii) ensure that persons who remained in Nagorno-Karabakh after 19 September 2023 and who wish to depart are able to do so in a safe, unimpeded and expeditious manner; and (iii) ensure that persons who remained in Nagorno-Karabakh after 19 September 2023 or returned to Nagorno-Karabakh and who wish to stay are free from the use of force or intimidation that may cause them to flee; IN FAVOUR: President Donoghue; Vice-President Gevorgian; Judges Tomka, Bennouna, Xue, Sebutinde, Bhandari, Salam, Iwasawa, Nolte, Charlesworth, Brant; Judge ad hoc Daudet; AGAINST: Judge Yusuf; Judge ad hoc Koroma; (2) By thirteen votes to two, The Republic of Azerbaijan shall, in accordance with its obligations under the International Convention on the Elimination of All Forms of Racial Discrimination, protect and preserve registration, identity and private property documents and records that concern the persons identified under subparagraph (1) and have due regard to such documents and records in its administrative and legislative practices; IN FAVOUR: President Donoghue; Vice-President Gevorgian; Judges Tomka, Bennouna, Xue, Sebutinde, Bhandari, Salam, Iwasawa, Nolte, Charlesworth, Brant; Judge ad hoc Daudet; AGAINST: Judge Yusuf; Judge ad hoc Koroma; - 20 - (3) By thirteen votes to two, The Republic of Azerbaijan shall submit a report to the Cou",https://www.icj-cij.org/sites/default/files/case-related/180/180-20231117-ord-01-00-en.pdf,7c62e886552e5889746bd721ee336cf6644b6413343b1658b6f8a34207460343,2026-08-18,LOCAL_OFFICIAL_TEXT_OPERATIVE_VERIFIED,Suraya Bazarova,HUMAN_MANUAL,DATA_ASSEMBLY_VALIDATION_AND_DIAGNOSTIC_SUPPORT_ONLY
ICJ-171-2023-12-01,171,2023-12-01,Arbitral Award of 3 October 1899 (Guyana v. Venezuela),Request for the indication of provisional measures,NEW_PM,1,1,NO,,,,RULE_77_REQUIRES_TRANSMISSION_DOCUMENT_NOT_YET_LOCATED,"For these reasons, THE COURT, Indicates the following provisional measures: (1) Unanimously, Pending a final decision in the case, the Bolivarian Republic of Venezuela shall refrain from taking any action which would modify the situation that currently prevails in the territory in dispute, whereby the Co-operative Republic of Guyana administers and exercises control over that area; (2) Unanimously, Both Parties shall refrain from any action which might aggravate or extend the dispute before the Court or make it more difficult to resolve. Done in French and in English, the French text being authoritative, at the Peace Palace, The Hague, this first day of December, two thousand and twenty-three, in three copies, one of which will be placed in the archives of the Court and the others transmitted to the Government of the Co-operative Republic of Guyana and the Government of the Bolivarian Republic of Venezuela, respectively. (Signed) Joan E. DONOGHUE, President. (Signed) Philippe GAUTIER, Registrar. - 13 - Judge SEBUTINDE appends a declaration to the Order of the Court; Judge ROBINSON appends a separate opinion to the Order of the Court; Judge ad hoc COUVREUR appends a separate opinion to the Order of the Court. (Initialled) J.E.D. (Initialled) Ph.G. ___________",https://www.icj-cij.org/sites/default/files/case-related/171/171-20231201-ord-01-00-en.pdf,024cf2d8405911040924cc6ef64d61f013de3bc1064e1360a8676a233695976a,2026-08-18,LOCAL_OFFICIAL_TEXT_OPERATIVE_VERIFIED,Suraya Bazarova,HUMAN_MANUAL,DATA_ASSEMBLY_VALIDATION_AND_DIAGNOSTIC_SUPPORT_ONLY
ICJ-192-2024-01-26,192,2024-01-26,Application of the Convention on the Prevention and Punishment of the Crime of Genocide in the Gaza Strip (South Africa v. Israel),Request for the indication of provisional measures,NEW_PM,1,1,YES,30,report within one month,,RULE_77_REQUIRES_TRANSMISSION_DOCUMENT_NOT_YET_LOCATED,"For these reasons, THE COURT, Indicates the following provisional measures: (1) By fifteen votes to two, The State of Israel shall, in accordance with its obligations under the Convention on the Prevention and Punishment of the Crime of Genocide, in relation to Palestinians in Gaza, take all measures within its power to prevent the commission of all acts within the scope of Article II of this Convention, in particular: - 25 - (a) killing members of the group; (b) causing serious bodily or mental harm to members of the group; (c) deliberately inflicting on the group conditions of life calculated to bring about its physical destruction in whole or in part; and (d) imposing measures intended to prevent births within the group; IN FAVOUR: President Donoghue; Vice-President Gevorgian; Judges Tomka, Abraham, Bennouna, Yusuf, Xue, Bhandari, Robinson, Salam, Iwasawa, Nolte, Charlesworth, Brant; Judge ad hoc Moseneke; AGAINST: Judge Sebutinde; Judge ad hoc Barak; (2) By fifteen votes to two, The State of Israel shall ensure with immediate effect that its military does not commit any acts described in point 1 above; IN FAVOUR: President Donoghue; Vice-President Gevorgian; Judges Tomka, Abraham, Bennouna, Yusuf, Xue, Bhandari, Robinson, Salam, Iwasawa, Nolte, Charlesworth, Brant; Judge ad hoc Moseneke; AGAINST: Judge Sebutinde; Judge ad hoc Barak; (3) By sixteen votes to one, The State of Israel shall take all measures within its power to prevent and punish the direct and public incitement to commit genocide in relation to members of the Palestinian group in the Gaza Strip; IN FAVOUR: President Donoghue; Vice-President Gevorgian; Judges Tomka, Abraham, Bennouna, Yusuf, Xue, Bhandari, Robinson, Salam, Iwasawa, Nolte, Charlesworth, Brant; Judges ad hoc Barak, Moseneke; AGAINST: Judg",https://www.icj-cij.org/sites/default/files/case-related/192/192-20240126-ord-01-00-en.pdf,4f890a1aedc003cd2b129294c62c22c090f10b1e6fd7bac31afb20f46d0f6a6f,2026-08-18,LOCAL_OFFICIAL_TEXT_OPERATIVE_VERIFIED,Suraya Bazarova,HUMAN_MANUAL,DATA_ASSEMBLY_VALIDATION_AND_DIAGNOSTIC_SUPPORT_ONLY
ICJ-192-2024-03-28,192,2024-03-28,Application of the Convention on the Prevention and Punishment of the Crime of Genocide in the Gaza Strip (South Africa v. Israel),Request for the modification of the Order of 26 January 2024 indicating provisional measures,MODIFIED_PM,1,1,YES,30,report within one month,,RULE_77_REQUIRES_TRANSMISSION_DOCUMENT_NOT_YET_LOCATED,"For these reasons, THE COURT, (1) By fourteen votes to two, Reaffirms the provisional measures indicated in its Order of 26 January 2024; IN FAVOUR: President Salam; Judges Tomka, Abraham, Yusuf, Xue, Bhandari, Iwasawa, Nolte, Charlesworth, Brant, Gómez Robledo, Cleveland, Aurescu, Tladi; - 13 - AGAINST: Vice-President Sebutinde; Judge ad hoc Barak; (2) Indicates the following provisional measures: The State of Israel shall, in conformity with its obligations under the Convention on the Prevention and Punishment of the Crime of Genocide, and in view of the worsening conditions of life faced by Palestinians in Gaza, in particular the spread of famine and starvation: (a) Unanimously, Take all necessary and effective measures to ensure, without delay, in full co-operation with the United Nations, the unhindered provision at scale by all concerned of urgently needed basic services and humanitarian assistance, including food, water, electricity, fuel, shelter, clothing, hygiene and sanitation requirements, as well as medical supplies and medical care to Palestinians throughout Gaza, including by increasing the capacity and number of land crossing points and maintaining them open for as long as necessary; (b) By fifteen votes to one, Ensure with immediate effect that its military does not commit acts which constitute a violation of any of the rights of the Palestinians in Gaza as a protected group under the Convention on the Prevention and Punishment of the Crime of Genocide, including by preventing, through any action, the delivery of urgently needed humanitarian assistance; IN FAVOUR: President Salam; Vice-President Sebutinde; Judges Tomka, Abraham, Yusuf, Xue, Bhandari, Iwasawa, Nolte, Charlesworth, Brant, Gómez Robledo, Cleveland, Aurescu, Tladi; AGAINST: Judge ad hoc Bar",https://www.icj-cij.org/sites/default/files/case-related/192/192-20240328-ord-01-00-en.pdf,cdc491e9acd88050b85652fdb5272e29075666e1c760fafd6bf9bdc285b915cb,2026-08-18,LOCAL_OFFICIAL_TEXT_OPERATIVE_VERIFIED,Suraya Bazarova,HUMAN_MANUAL,DATA_ASSEMBLY_VALIDATION_AND_DIAGNOSTIC_SUPPORT_ONLY
ICJ-193-2024-04-30,193,2024-04-30,Alleged Breaches of Certain International Obligations in respect of the Occupied Palestinian Territory (Nicaragua v. Germany),Request for the indication of provisional measures,REQUEST_REJECTED,0,0,NO,,,0,NOT_APPLICABLE_NO_NEW_OR_MODIFIED_MEASURE,"For these reasons, THE COURT, By fifteen votes to one, Finds that the circumstances, as they now present themselves to the Court, are not such as to require the exercise of its power under Article 41 of the Statute to indicate provisional measures. IN FAVOUR: President Salam; Vice-President Sebutinde; Judges Tomka, Abraham, Yusuf, Xue, Bhandari, Iwasawa, Nolte, Charlesworth, Brant, Gómez Robledo, Cleveland, Aurescu, Tladi; AGAINST: Judge ad hoc Al-Khasawneh. Done in French and in English, the French text being authoritative, at the Peace Palace, The Hague, this thirtieth day of April, two thousand and twenty-four, in three copies, one of which will be placed in the archives of the Court and the others transmitted to the Government of the Republic of Nicaragua and the Government of the Federal Republic of Germany, respectively. (Signed) Nawaf SALAM, President. (Signed) Philippe GAUTIER, Registrar. - 10 - Vice-President SEBUTINDE appends a separate opinion to the Order of the Court; Judge IWASAWA appends a separate opinion to the Order of the Court; Judges CLEVELAND and TLADI append declarations to the Order of the Court; Judge ad hoc AL-KHASAWNEH appends a dissenting opinion to the Order of the Court. (Initialled) N.S. (Initialled) Ph.G. ___________",https://www.icj-cij.org/sites/default/files/case-related/193/193-20240430-ord-01-00-en.pdf,33a316f5c05021a32932ad16dd89ba1bc2900bbaf7c91682deb8725a4dcf2cfb,2026-08-18,LOCAL_OFFICIAL_TEXT_OPERATIVE_VERIFIED,Suraya Bazarova,HUMAN_MANUAL,DATA_ASSEMBLY_VALIDATION_AND_DIAGNOSTIC_SUPPORT_ONLY
ICJ-194-2024-05-23,194,2024-05-23,Embassy of Mexico in Quito (Mexico v. Ecuador),Request for the indication of provisional measures,REQUEST_REJECTED,0,0,NO,,,0,NOT_APPLICABLE_NO_NEW_OR_MODIFIED_MEASURE,"For these reasons, THE COURT, Unanimously, Finds that the circumstances, as they now present themselves to the Court, are not such as to require the exercise of its power under Article 41 of the Statute to indicate provisional measures. Done in English and in French, the English text being authoritative, at the Peace Palace, The Hague, this twenty-third day of May, two thousand and twenty-four, in three copies, one of which will be placed in the archives of the Court and the others transmitted to the Government of the United Mexican States and the Government of the Republic of Ecuador, respectively. (Signed) Nawaf SALAM, President. (Signed) Philippe GAUTIER, Registrar. Judges BHANDARI, NOLTE, GÓMEZ ROBLEDO, CLEVELAND and AURESCU append declarations to the Order of the Court. (Initialled) N.S. (Initialled) Ph.G. ___________",https://www.icj-cij.org/sites/default/files/case-related/194/194-20240523-ord-01-00-en.pdf,b66e0f906a71c32bac7e61d22f9dcf5a0a0303099768550c08fb4a9e9bd2bce8,2026-08-18,LOCAL_OFFICIAL_TEXT_OPERATIVE_VERIFIED,Suraya Bazarova,HUMAN_MANUAL,DATA_ASSEMBLY_VALIDATION_AND_DIAGNOSTIC_SUPPORT_ONLY
ICJ-192-2024-05-24,192,2024-05-24,Application of the Convention on the Prevention and Punishment of the Crime of Genocide in the Gaza Strip (South Africa v. Israel),Request for the modification of the Order of 28 March 2024 indicating provisional measures,MODIFIED_PM,1,1,YES,30,report within one month,,RULE_77_REQUIRES_TRANSMISSION_DOCUMENT_NOT_YET_LOCATED,"For these reasons, THE COURT, (1) By thirteen votes to two, Reaffirms the provisional measures indicated in its Orders of 26 January 2024 and 28 March 2024, which should be immediately and effectively implemented; IN FAVOUR: President Salam; Judges Abraham, Yusuf, Xue, Bhandari, Iwasawa, Nolte, Charlesworth, Brant, Gómez Robledo, Cleveland, Aurescu, Tladi; AGAINST: Vice-President Sebutinde; Judge ad hoc Barak; (2) Indicates the following provisional measures: The State of Israel shall, in conformity with its obligations under the Convention on the Prevention and Punishment of the Crime of Genocide, and in view of the worsening conditions of life faced by civilians in the Rafah Governorate: - 15 - (a) By thirteen votes to two, Immediately halt its military offensive, and any other action in the Rafah Governorate, which may inflict on the Palestinian group in Gaza conditions of life that could bring about its physical destruction in whole or in part; IN FAVOUR: President Salam; Judges Abraham, Yusuf, Xue, Bhandari, Iwasawa, Nolte, Charlesworth, Brant, Gómez Robledo, Cleveland, Aurescu, Tladi; AGAINST: Vice-President Sebutinde; Judge ad hoc Barak; (b) By thirteen votes to two, Maintain open the Rafah crossing for unhindered provision at scale of urgently needed basic services and humanitarian assistance; IN FAVOUR: President Salam; Judges Abraham, Yusuf, Xue, Bhandari, Iwasawa, Nolte, Charlesworth, Brant, Gómez Robledo, Cleveland, Aurescu, Tladi; AGAINST: Vice-President Sebutinde; Judge ad hoc Barak; (c) By thirteen votes to two, Take effective measures to ensure the unimpeded access to the Gaza Strip of any commission of inquiry, fact-finding mission or other investigative body mandated by competent organs of the United Nations to investigate allegations of genocide; IN F",https://www.icj-cij.org/sites/default/files/case-related/192/192-20240524-ord-01-00-en.pdf,0c4d9d6a854c62f1b8963675f0f9bc6334c6a0753db991b0b4ef3b15d514c90e,2026-08-18,LOCAL_OFFICIAL_TEXT_OPERATIVE_VERIFIED,Suraya Bazarova,HUMAN_MANUAL,DATA_ASSEMBLY_VALIDATION_AND_DIAGNOSTIC_SUPPORT_ONLY
ICJ-171-2025-05-01,171,2025-05-01,Arbitral Award of 3 October 1899 (Guyana v. Venezuela),Request for the modification of the Order of 1 December 2023 indication provisional measures,MODIFIED_PM,1,1,NO,,,1,CONFIRMED_UN_TRANSMISSION_S_2025_292,"Reaffirms the provisional measures indicated in its Order of 1 December 2023 ... Indicates the following provisional measure: ... Venezuela shall refrain from conducting elections, or preparing to conduct elections, in the territory in dispute.",https://api.icj-cij.org/sites/default/files/case-related/171/171-20250502-pre-01-00-en.pdf,,2026-08-18,OFFICIAL_ICJ_PRESS_RELEASE_VERIFIED,Suraya Bazarova,HUMAN_MANUAL,DATA_ASSEMBLY_VALIDATION_AND_DIAGNOSTIC_SUPPORT_ONLY
ICJ-197-2025-05-05,197,2025-05-05,Application of the Convention on the Prevention and Punishment of the Crime of Genocide in Sudan (Sudan v. United Arab Emirates),Request for the indication of provisional measures,REQUEST_REJECTED,0,0,NO,,,0,NOT_APPLICABLE_NO_NEW_OR_MODIFIED_MEASURE,The Court rejects Sudan’s Request for the indication of provisional measures and orders that the case be removed from the General List.,https://api.icj-cij.org/sites/default/files/case-related/197/197-20250505-ord-01-00-en.pdf,,2026-08-18,OFFICIAL_ICJ_ORDER_SEARCH_VERIFIED,Suraya Bazarova,HUMAN_MANUAL,DATA_ASSEMBLY_VALIDATION_AND_DIAGNOSTIC_SUPPORT_ONLY
ICJ-184-2025-09-12,184,2025-09-12,Request relating to the Return of Property Confiscated in Criminal Proceedings (Equatorial Guinea v. France),Request for the indication of provisional measures,REQUEST_REJECTED,0,0,NO,,,0,NOT_APPLICABLE_NO_NEW_OR_MODIFIED_MEASURE,"By thirteen votes to two, Rejects the Request for the indication of provisional measures submitted by the Republic of Equatorial Guinea on 3 July 2025.",https://www.icj-cij.org/sites/default/files/case-related/184/184-20250912-ord-01-00-en.pdf,,2026-08-18,OFFICIAL_ICJ_ORDER_METADATA_PLUS_OPERATIVE_TEXT_VERIFIED,Suraya Bazarova,HUMAN_MANUAL,DATA_ASSEMBLY_VALIDATION_AND_DIAGNOSTIC_SUPPORT_ONLY
