stage6_pair_key,stage6_event_key,order_id,case_number,order_date,case_title,event_date,relative_day,period,event_type,document_symbol,event_text_metadata,source_url,evidence_class_v8,evidence_rule_v8,recall_candidate_basis,candidate_id_provenance,published_manuscript_reports_fulltext_review,published_manuscript_reports_no_additional_order_specific_positive,row_level_human_subcategory_mapping,row_level_nominal_code,status
ICJ-126-2002-07-10||SC_MEETING::SCM|S/PV.4629,SC_MEETING::SCM|S/PV.4629,ICJ-126-2002-07-10,126,2002-07-10,Armed Activities on the Territory of the Congo (New Application: 2002) (Democratic Republic of the Congo v. Rwanda),2002-10-21,103,POST_ORDER,SC_MEETING,S/PV.4629,Election of 5 members of the International Court of Justice,https://research.un.org,E1,GENERAL_ICJ_REFERENCE,E1_E4_EXPLICIT_ICJ_TERM_NOT_IN_ORIGINAL_233,RECONSTRUCTED_FROM_V8_SCREEN,YES,YES,NOT_PRESERVED,NOT_RETROACTIVELY_ASSIGNED,RECONSTRUCTED_CANDIDATE_LEDGER_NOT_ORIGINAL_HUMAN_REVIEW_WORKBOOK
ICJ-126-2002-07-10||SC_MEETING::SCM|S/PV.4636,SC_MEETING::SCM|S/PV.4636,ICJ-126-2002-07-10,126,2002-07-10,Armed Activities on the Territory of the Congo (New Application: 2002) (Democratic Republic of the Congo v. Rwanda),2002-10-29,111,POST_ORDER,SC_MEETING,S/PV.4636,"Briefing by Judge Gilbert Guillaume, President of the International Court of Justice",https://research.un.org,E1,GENERAL_ICJ_REFERENCE,E1_E4_EXPLICIT_ICJ_TERM_NOT_IN_ORIGINAL_233,RECONSTRUCTED_FROM_V8_SCREEN,YES,YES,NOT_PRESERVED,NOT_RETROACTIVELY_ASSIGNED,RECONSTRUCTED_CANDIDATE_LEDGER_NOT_ORIGINAL_HUMAN_REVIEW_WORKBOOK
ICJ-128-2003-02-05||SC_MEETING::SCM|S/PV.4629,SC_MEETING::SCM|S/PV.4629,ICJ-128-2003-02-05,128,2003-02-05,Avena and Other Mexican Nationals (Mexico v. United States of America),2002-10-21,-107,PRE_ORDER,SC_MEETING,S/PV.4629,Election of 5 members of the International Court of Justice,https://research.un.org,E1,GENERAL_ICJ_REFERENCE,E1_E4_EXPLICIT_ICJ_TERM_NOT_IN_ORIGINAL_233,RECONSTRUCTED_FROM_V8_SCREEN,YES,YES,NOT_PRESERVED,NOT_RETROACTIVELY_ASSIGNED,RECONSTRUCTED_CANDIDATE_LEDGER_NOT_ORIGINAL_HUMAN_REVIEW_WORKBOOK
ICJ-128-2003-02-05||SC_MEETING::SCM|S/PV.4636,SC_MEETING::SCM|S/PV.4636,ICJ-128-2003-02-05,128,2003-02-05,Avena and Other Mexican Nationals (Mexico v. United States of America),2002-10-29,-99,PRE_ORDER,SC_MEETING,S/PV.4636,"Briefing by Judge Gilbert Guillaume, President of the International Court of Justice",https://research.un.org,E1,GENERAL_ICJ_REFERENCE,E1_E4_EXPLICIT_ICJ_TERM_NOT_IN_ORIGINAL_233,RECONSTRUCTED_FROM_V8_SCREEN,YES,YES,NOT_PRESERVED,NOT_RETROACTIVELY_ASSIGNED,RECONSTRUCTED_CANDIDATE_LEDGER_NOT_ORIGINAL_HUMAN_REVIEW_WORKBOOK
ICJ-135-2006-07-13||SC_MEETING::SCM|S/PV.5557,SC_MEETING::SCM|S/PV.5557,ICJ-135-2006-07-13,135,2006-07-13,Pulp Mills on the River Uruguay (Argentina v. Uruguay),2006-10-27,106,POST_ORDER,SC_MEETING,S/PV.5557,Briefing by the President of the International Court of Justice,https://research.un.org,E1,GENERAL_ICJ_REFERENCE,E1_E4_EXPLICIT_ICJ_TERM_NOT_IN_ORIGINAL_233,RECONSTRUCTED_FROM_V8_SCREEN,YES,YES,NOT_PRESERVED,NOT_RETROACTIVELY_ASSIGNED,RECONSTRUCTED_CANDIDATE_LEDGER_NOT_ORIGINAL_HUMAN_REVIEW_WORKBOOK
ICJ-135-2007-01-23||SC_MEETING::SCM|S/PV.5557,SC_MEETING::SCM|S/PV.5557,ICJ-135-2007-01-23,135,2007-01-23,Pulp Mills on the River Uruguay (Argentina v. Uruguay),2006-10-27,-88,PRE_ORDER,SC_MEETING,S/PV.5557,Briefing by the President of the International Court of Justice,https://research.un.org,E1,GENERAL_ICJ_REFERENCE,E1_E4_EXPLICIT_ICJ_TERM_NOT_IN_ORIGINAL_233,RECONSTRUCTED_FROM_V8_SCREEN,YES,YES,NOT_PRESERVED,NOT_RETROACTIVELY_ASSIGNED,RECONSTRUCTED_CANDIDATE_LEDGER_NOT_ORIGINAL_HUMAN_REVIEW_WORKBOOK
ICJ-139-2008-07-16||SC_MEETING::SCM|S/PV.6002,SC_MEETING::SCM|S/PV.6002,ICJ-139-2008-07-16,139,2008-07-16,Request for Interpretation of the Judgment of 31 March 2004 in the Case concerning Avena and Other Mexican Nationals (Mexico v. United States of America) (Mexico v. United States of America),2008-10-28,104,POST_ORDER,SC_MEETING,S/PV.6002,Briefing by the President of the International Court of Justice,https://research.un.org,E1,GENERAL_ICJ_REFERENCE,E1_E4_EXPLICIT_ICJ_TERM_NOT_IN_ORIGINAL_233,RECONSTRUCTED_FROM_V8_SCREEN,YES,YES,NOT_PRESERVED,NOT_RETROACTIVELY_ASSIGNED,RECONSTRUCTED_CANDIDATE_LEDGER_NOT_ORIGINAL_HUMAN_REVIEW_WORKBOOK
ICJ-139-2008-07-16||SC_MEETING::SCM|S/PV.6011,SC_MEETING::SCM|S/PV.6011,ICJ-139-2008-07-16,139,2008-07-16,Request for Interpretation of the Judgment of 31 March 2004 in the Case concerning Avena and Other Mexican Nationals (Mexico v. United States of America) (Mexico v. United States of America),2008-11-06,113,POST_ORDER,SC_MEETING,S/PV.6011,Election of 5 members of the International Court of Justice,https://research.un.org,E1,GENERAL_ICJ_REFERENCE,E1_E4_EXPLICIT_ICJ_TERM_NOT_IN_ORIGINAL_233,RECONSTRUCTED_FROM_V8_SCREEN,YES,YES,NOT_PRESERVED,NOT_RETROACTIVELY_ASSIGNED,RECONSTRUCTED_CANDIDATE_LEDGER_NOT_ORIGINAL_HUMAN_REVIEW_WORKBOOK
ICJ-139-2008-07-16||SC_MEETING::SCM|S/PV.6012,SC_MEETING::SCM|S/PV.6012,ICJ-139-2008-07-16,139,2008-07-16,Request for Interpretation of the Judgment of 31 March 2004 in the Case concerning Avena and Other Mexican Nationals (Mexico v. United States of America) (Mexico v. United States of America),2008-11-06,113,POST_ORDER,SC_MEETING,S/PV.6012,Election of 5 members of the International Court of Justice,https://research.un.org,E1,GENERAL_ICJ_REFERENCE,E1_E4_EXPLICIT_ICJ_TERM_NOT_IN_ORIGINAL_233,RECONSTRUCTED_FROM_V8_SCREEN,YES,YES,NOT_PRESERVED,NOT_RETROACTIVELY_ASSIGNED,RECONSTRUCTED_CANDIDATE_LEDGER_NOT_ORIGINAL_HUMAN_REVIEW_WORKBOOK
ICJ-140-2008-10-15||SC_MEETING::SCM|S/PV.6002,SC_MEETING::SCM|S/PV.6002,ICJ-140-2008-10-15,140,2008-10-15,Application of the International Convention on the Elimination of All Forms of Racial Discrimination (Georgia v. Russian Federation),2008-10-28,13,POST_ORDER,SC_MEETING,S/PV.6002,Briefing by the President of the International Court of Justice,https://research.un.org,E1,GENERAL_ICJ_REFERENCE,E1_E4_EXPLICIT_ICJ_TERM_NOT_IN_ORIGINAL_233,RECONSTRUCTED_FROM_V8_SCREEN,YES,YES,NOT_PRESERVED,NOT_RETROACTIVELY_ASSIGNED,RECONSTRUCTED_CANDIDATE_LEDGER_NOT_ORIGINAL_HUMAN_REVIEW_WORKBOOK
ICJ-140-2008-10-15||SC_MEETING::SCM|S/PV.6011,SC_MEETING::SCM|S/PV.6011,ICJ-140-2008-10-15,140,2008-10-15,Application of the International Convention on the Elimination of All Forms of Racial Discrimination (Georgia v. Russian Federation),2008-11-06,22,POST_ORDER,SC_MEETING,S/PV.6011,Election of 5 members of the International Court of Justice,https://research.un.org,E1,GENERAL_ICJ_REFERENCE,E1_E4_EXPLICIT_ICJ_TERM_NOT_IN_ORIGINAL_233,RECONSTRUCTED_FROM_V8_SCREEN,YES,YES,NOT_PRESERVED,NOT_RETROACTIVELY_ASSIGNED,RECONSTRUCTED_CANDIDATE_LEDGER_NOT_ORIGINAL_HUMAN_REVIEW_WORKBOOK
ICJ-140-2008-10-15||SC_MEETING::SCM|S/PV.6012,SC_MEETING::SCM|S/PV.6012,ICJ-140-2008-10-15,140,2008-10-15,Application of the International Convention on the Elimination of All Forms of Racial Discrimination (Georgia v. Russian Federation),2008-11-06,22,POST_ORDER,SC_MEETING,S/PV.6012,Election of 5 members of the International Court of Justice,https://research.un.org,E1,GENERAL_ICJ_REFERENCE,E1_E4_EXPLICIT_ICJ_TERM_NOT_IN_ORIGINAL_233,RECONSTRUCTED_FROM_V8_SCREEN,YES,YES,NOT_PRESERVED,NOT_RETROACTIVELY_ASSIGNED,RECONSTRUCTED_CANDIDATE_LEDGER_NOT_ORIGINAL_HUMAN_REVIEW_WORKBOOK
ICJ-144-2009-05-28||SC_MEETING::SCM|S/PV.6208,SC_MEETING::SCM|S/PV.6208,ICJ-144-2009-05-28,144,2009-05-28,Questions relating to the Obligation to Prosecute or Extradite (Belgium v. Senegal),2009-10-29,154,POST_ORDER,SC_MEETING,S/PV.6208,Briefing by the President of the International Court of Justice,https://research.un.org,E1,GENERAL_ICJ_REFERENCE,E1_E4_EXPLICIT_ICJ_TERM_NOT_IN_ORIGINAL_233,RECONSTRUCTED_FROM_V8_SCREEN,YES,YES,NOT_PRESERVED,NOT_RETROACTIVELY_ASSIGNED,RECONSTRUCTED_CANDIDATE_LEDGER_NOT_ORIGINAL_HUMAN_REVIEW_WORKBOOK
ICJ-150-2011-03-08||SC_MEETING::SCM|S/PV.6381,SC_MEETING::SCM|S/PV.6381,ICJ-150-2011-03-08,150,2011-03-08,Certain Activities Carried Out by Nicaragua in the Border Area (Costa Rica v. Nicaragua),2010-09-09,-180,PRE_ORDER,SC_MEETING,S/PV.6381,Election of a member of the International Court of Justice,https://research.un.org,E1,GENERAL_ICJ_REFERENCE,E1_E4_EXPLICIT_ICJ_TERM_NOT_IN_ORIGINAL_233,RECONSTRUCTED_FROM_V8_SCREEN,YES,YES,NOT_PRESERVED,NOT_RETROACTIVELY_ASSIGNED,RECONSTRUCTED_CANDIDATE_LEDGER_NOT_ORIGINAL_HUMAN_REVIEW_WORKBOOK
ICJ-150-2011-03-08||SC_MEETING::SCM|S/PV.6412,SC_MEETING::SCM|S/PV.6412,ICJ-150-2011-03-08,150,2011-03-08,Certain Activities Carried Out by Nicaragua in the Border Area (Costa Rica v. Nicaragua),2010-10-27,-132,PRE_ORDER,SC_MEETING,S/PV.6412,Briefing by the President of the International Court of Justice,https://research.un.org,E1,GENERAL_ICJ_REFERENCE,E1_E4_EXPLICIT_ICJ_TERM_NOT_IN_ORIGINAL_233,RECONSTRUCTED_FROM_V8_SCREEN,YES,YES,NOT_PRESERVED,NOT_RETROACTIVELY_ASSIGNED,RECONSTRUCTED_CANDIDATE_LEDGER_NOT_ORIGINAL_HUMAN_REVIEW_WORKBOOK
ICJ-150-2013-07-16||SC_MEETING::SCM|S/PV.7051,SC_MEETING::SCM|S/PV.7051,ICJ-150-2013-07-16,150,2013-07-16,Certain Activities Carried Out by Nicaragua in the Border Area (Costa Rica v. Nicaragua),2013-10-28,104,POST_ORDER,SC_MEETING,S/PV.7051,Briefing by the President of the International Court of Justice,https://research.un.org,E1,GENERAL_ICJ_REFERENCE,E1_E4_EXPLICIT_ICJ_TERM_NOT_IN_ORIGINAL_233,RECONSTRUCTED_FROM_V8_SCREEN,YES,YES,NOT_PRESERVED,NOT_RETROACTIVELY_ASSIGNED,RECONSTRUCTED_CANDIDATE_LEDGER_NOT_ORIGINAL_HUMAN_REVIEW_WORKBOOK
ICJ-150-2013-11-22||SC_MEETING::SCM|S/PV.7051,SC_MEETING::SCM|S/PV.7051,ICJ-150-2013-11-22,150,2013-11-22,Certain Activities Carried Out by Nicaragua in the Border Area (Costa Rica v. Nicaragua),2013-10-28,-25,PRE_ORDER,SC_MEETING,S/PV.7051,Briefing by the President of the International Court of Justice,https://research.un.org,E1,GENERAL_ICJ_REFERENCE,E1_E4_EXPLICIT_ICJ_TERM_NOT_IN_ORIGINAL_233,RECONSTRUCTED_FROM_V8_SCREEN,YES,YES,NOT_PRESERVED,NOT_RETROACTIVELY_ASSIGNED,RECONSTRUCTED_CANDIDATE_LEDGER_NOT_ORIGINAL_HUMAN_REVIEW_WORKBOOK
ICJ-151-2011-07-18||SC_MEETING::SCM|S/PV.6637,SC_MEETING::SCM|S/PV.6637,ICJ-151-2011-07-18,151,2011-07-18,Request for Interpretation of the Judgment of 15 June 1962 in the Case concerning the Temple of Preah Vihear (Cambodia v. Thailand) (Cambodia v. Thailand),2011-10-25,99,POST_ORDER,SC_MEETING,S/PV.6637,Briefing by the President of the International Court of Justice,https://research.un.org,E1,GENERAL_ICJ_REFERENCE,E1_E4_EXPLICIT_ICJ_TERM_NOT_IN_ORIGINAL_233,RECONSTRUCTED_FROM_V8_SCREEN,YES,YES,NOT_PRESERVED,NOT_RETROACTIVELY_ASSIGNED,RECONSTRUCTED_CANDIDATE_LEDGER_NOT_ORIGINAL_HUMAN_REVIEW_WORKBOOK
ICJ-151-2011-07-18||SC_MEETING::SCM|S/PV.6651,SC_MEETING::SCM|S/PV.6651,ICJ-151-2011-07-18,151,2011-07-18,Request for Interpretation of the Judgment of 15 June 1962 in the Case concerning the Temple of Preah Vihear (Cambodia v. Thailand) (Cambodia v. Thailand),2011-11-10,115,POST_ORDER,SC_MEETING,S/PV.6651,Election of 5 members of the International Court of Justice,https://research.un.org,E1,GENERAL_ICJ_REFERENCE,E1_E4_EXPLICIT_ICJ_TERM_NOT_IN_ORIGINAL_233,RECONSTRUCTED_FROM_V8_SCREEN,YES,YES,NOT_PRESERVED,NOT_RETROACTIVELY_ASSIGNED,RECONSTRUCTED_CANDIDATE_LEDGER_NOT_ORIGINAL_HUMAN_REVIEW_WORKBOOK
ICJ-151-2011-07-18||SC_MEETING::SCM|S/PV.6652,SC_MEETING::SCM|S/PV.6652,ICJ-151-2011-07-18,151,2011-07-18,Request for Interpretation of the Judgment of 15 June 1962 in the Case concerning the Temple of Preah Vihear (Cambodia v. Thailand) (Cambodia v. Thailand),2011-11-10,115,POST_ORDER,SC_MEETING,S/PV.6652,Election of 5 members of the International Court of Justice,https://research.un.org,E1,GENERAL_ICJ_REFERENCE,E1_E4_EXPLICIT_ICJ_TERM_NOT_IN_ORIGINAL_233,RECONSTRUCTED_FROM_V8_SCREEN,YES,YES,NOT_PRESERVED,NOT_RETROACTIVELY_ASSIGNED,RECONSTRUCTED_CANDIDATE_LEDGER_NOT_ORIGINAL_HUMAN_REVIEW_WORKBOOK
ICJ-151-2011-07-18||SC_MEETING::SCM|S/PV.6653,SC_MEETING::SCM|S/PV.6653,ICJ-151-2011-07-18,151,2011-07-18,Request for Interpretation of the Judgment of 15 June 1962 in the Case concerning the Temple of Preah Vihear (Cambodia v. Thailand) (Cambodia v. Thailand),2011-11-10,115,POST_ORDER,SC_MEETING,S/PV.6653,Election of 5 members of the International Court of Justice,https://research.un.org,E1,GENERAL_ICJ_REFERENCE,E1_E4_EXPLICIT_ICJ_TERM_NOT_IN_ORIGINAL_233,RECONSTRUCTED_FROM_V8_SCREEN,YES,YES,NOT_PRESERVED,NOT_RETROACTIVELY_ASSIGNED,RECONSTRUCTED_CANDIDATE_LEDGER_NOT_ORIGINAL_HUMAN_REVIEW_WORKBOOK
ICJ-151-2011-07-18||SC_MEETING::SCM|S/PV.6654,SC_MEETING::SCM|S/PV.6654,ICJ-151-2011-07-18,151,2011-07-18,Request for Interpretation of the Judgment of 15 June 1962 in the Case concerning the Temple of Preah Vihear (Cambodia v. Thailand) (Cambodia v. Thailand),2011-11-10,115,POST_ORDER,SC_MEETING,S/PV.6654,Election of 5 members of the International Court of Justice,https://research.un.org,E1,GENERAL_ICJ_REFERENCE,E1_E4_EXPLICIT_ICJ_TERM_NOT_IN_ORIGINAL_233,RECONSTRUCTED_FROM_V8_SCREEN,YES,YES,NOT_PRESERVED,NOT_RETROACTIVELY_ASSIGNED,RECONSTRUCTED_CANDIDATE_LEDGER_NOT_ORIGINAL_HUMAN_REVIEW_WORKBOOK
ICJ-151-2011-07-18||SC_MEETING::SCM|S/PV.6655,SC_MEETING::SCM|S/PV.6655,ICJ-151-2011-07-18,151,2011-07-18,Request for Interpretation of the Judgment of 15 June 1962 in the Case concerning the Temple of Preah Vihear (Cambodia v. Thailand) (Cambodia v. Thailand),2011-11-10,115,POST_ORDER,SC_MEETING,S/PV.6655,Election of 5 members of the International Court of Justice,https://research.un.org,E1,GENERAL_ICJ_REFERENCE,E1_E4_EXPLICIT_ICJ_TERM_NOT_IN_ORIGINAL_233,RECONSTRUCTED_FROM_V8_SCREEN,YES,YES,NOT_PRESERVED,NOT_RETROACTIVELY_ASSIGNED,RECONSTRUCTED_CANDIDATE_LEDGER_NOT_ORIGINAL_HUMAN_REVIEW_WORKBOOK
ICJ-151-2011-07-18||SC_MEETING::SCM|S/PV.6665,SC_MEETING::SCM|S/PV.6665,ICJ-151-2011-07-18,151,2011-07-18,Request for Interpretation of the Judgment of 15 June 1962 in the Case concerning the Temple of Preah Vihear (Cambodia v. Thailand) (Cambodia v. Thailand),2011-11-22,127,POST_ORDER,SC_MEETING,S/PV.6665,Election of 5 members of the International Court of Justice,https://research.un.org,E1,GENERAL_ICJ_REFERENCE,E1_E4_EXPLICIT_ICJ_TERM_NOT_IN_ORIGINAL_233,RECONSTRUCTED_FROM_V8_SCREEN,YES,YES,NOT_PRESERVED,NOT_RETROACTIVELY_ASSIGNED,RECONSTRUCTED_CANDIDATE_LEDGER_NOT_ORIGINAL_HUMAN_REVIEW_WORKBOOK
ICJ-151-2011-07-18||SC_MEETING::SCM|S/PV.6666,SC_MEETING::SCM|S/PV.6666,ICJ-151-2011-07-18,151,2011-07-18,Request for Interpretation of the Judgment of 15 June 1962 in the Case concerning the Temple of Preah Vihear (Cambodia v. Thailand) (Cambodia v. Thailand),2011-11-22,127,POST_ORDER,SC_MEETING,S/PV.6666,Election of 5 members of the International Court of Justice,https://research.un.org,E1,GENERAL_ICJ_REFERENCE,E1_E4_EXPLICIT_ICJ_TERM_NOT_IN_ORIGINAL_233,RECONSTRUCTED_FROM_V8_SCREEN,YES,YES,NOT_PRESERVED,NOT_RETROACTIVELY_ASSIGNED,RECONSTRUCTED_CANDIDATE_LEDGER_NOT_ORIGINAL_HUMAN_REVIEW_WORKBOOK
ICJ-151-2011-07-18||SC_MEETING::SCM|S/PV.6667,SC_MEETING::SCM|S/PV.6667,ICJ-151-2011-07-18,151,2011-07-18,Request for Interpretation of the Judgment of 15 June 1962 in the Case concerning the Temple of Preah Vihear (Cambodia v. Thailand) (Cambodia v. Thailand),2011-11-22,127,POST_ORDER,SC_MEETING,S/PV.6667,Election of 5 members of the International Court of Justice,https://research.un.org,E1,GENERAL_ICJ_REFERENCE,E1_E4_EXPLICIT_ICJ_TERM_NOT_IN_ORIGINAL_233,RECONSTRUCTED_FROM_V8_SCREEN,YES,YES,NOT_PRESERVED,NOT_RETROACTIVELY_ASSIGNED,RECONSTRUCTED_CANDIDATE_LEDGER_NOT_ORIGINAL_HUMAN_REVIEW_WORKBOOK
ICJ-151-2011-07-18||SC_MEETING::SCM|S/PV.6682,SC_MEETING::SCM|S/PV.6682,ICJ-151-2011-07-18,151,2011-07-18,Request for Interpretation of the Judgment of 15 June 1962 in the Case concerning the Temple of Preah Vihear (Cambodia v. Thailand) (Cambodia v. Thailand),2011-12-13,148,POST_ORDER,SC_MEETING,S/PV.6682,Election of 5 members of the International Court of Justice,https://research.un.org,E1,GENERAL_ICJ_REFERENCE,E1_E4_EXPLICIT_ICJ_TERM_NOT_IN_ORIGINAL_233,RECONSTRUCTED_FROM_V8_SCREEN,YES,YES,NOT_PRESERVED,NOT_RETROACTIVELY_ASSIGNED,RECONSTRUCTED_CANDIDATE_LEDGER_NOT_ORIGINAL_HUMAN_REVIEW_WORKBOOK
ICJ-152-2013-12-13||SC_MEETING::SCM|S/PV.7051,SC_MEETING::SCM|S/PV.7051,ICJ-152-2013-12-13,152,2013-12-13,Construction of a Road in Costa Rica along the San Juan River (Nicaragua v. Costa Rica),2013-10-28,-46,PRE_ORDER,SC_MEETING,S/PV.7051,Briefing by the President of the International Court of Justice,https://research.un.org,E1,GENERAL_ICJ_REFERENCE,E1_E4_EXPLICIT_ICJ_TERM_NOT_IN_ORIGINAL_233,RECONSTRUCTED_FROM_V8_SCREEN,YES,YES,NOT_PRESERVED,NOT_RETROACTIVELY_ASSIGNED,RECONSTRUCTED_CANDIDATE_LEDGER_NOT_ORIGINAL_HUMAN_REVIEW_WORKBOOK
ICJ-156-2014-03-03||SC_MEETING::SCM|S/PV.7051,SC_MEETING::SCM|S/PV.7051,ICJ-156-2014-03-03,156,2014-03-03,Questions relating to the Seizure and Detention of Certain Documents and Data (Timor-Leste v. Australia),2013-10-28,-126,PRE_ORDER,SC_MEETING,S/PV.7051,Briefing by the President of the International Court of Justice,https://research.un.org,E1,GENERAL_ICJ_REFERENCE,E1_E4_EXPLICIT_ICJ_TERM_NOT_IN_ORIGINAL_233,RECONSTRUCTED_FROM_V8_SCREEN,YES,YES,NOT_PRESERVED,NOT_RETROACTIVELY_ASSIGNED,RECONSTRUCTED_CANDIDATE_LEDGER_NOT_ORIGINAL_HUMAN_REVIEW_WORKBOOK
ICJ-156-2015-04-22||SC_MEETING::SCM|S/PV.7290,SC_MEETING::SCM|S/PV.7290,ICJ-156-2015-04-22,156,2015-04-22,Questions relating to the Seizure and Detention of Certain Documents and Data (Timor-Leste v. Australia),2014-10-29,-175,PRE_ORDER,SC_MEETING,S/PV.7290,Briefing by the President of the International Court of Justice,https://research.un.org,E1,GENERAL_ICJ_REFERENCE,E1_E4_EXPLICIT_ICJ_TERM_NOT_IN_ORIGINAL_233,RECONSTRUCTED_FROM_V8_SCREEN,YES,YES,NOT_PRESERVED,NOT_RETROACTIVELY_ASSIGNED,RECONSTRUCTED_CANDIDATE_LEDGER_NOT_ORIGINAL_HUMAN_REVIEW_WORKBOOK
ICJ-156-2015-04-22||SC_MEETING::SCM|S/PV.7297,SC_MEETING::SCM|S/PV.7297,ICJ-156-2015-04-22,156,2015-04-22,Questions relating to the Seizure and Detention of Certain Documents and Data (Timor-Leste v. Australia),2014-11-06,-167,PRE_ORDER,SC_MEETING,S/PV.7297,Election of 5 members of the International Court of Justice,https://research.un.org,E1,GENERAL_ICJ_REFERENCE,E1_E4_EXPLICIT_ICJ_TERM_NOT_IN_ORIGINAL_233,RECONSTRUCTED_FROM_V8_SCREEN,YES,YES,NOT_PRESERVED,NOT_RETROACTIVELY_ASSIGNED,RECONSTRUCTED_CANDIDATE_LEDGER_NOT_ORIGINAL_HUMAN_REVIEW_WORKBOOK
ICJ-156-2015-04-22||SC_MEETING::SCM|S/PV.7298,SC_MEETING::SCM|S/PV.7298,ICJ-156-2015-04-22,156,2015-04-22,Questions relating to the Seizure and Detention of Certain Documents and Data (Timor-Leste v. Australia),2014-11-07,-166,PRE_ORDER,SC_MEETING,S/PV.7298,Election of 5 members of the International Court of Justice,https://research.un.org,E1,GENERAL_ICJ_REFERENCE,E1_E4_EXPLICIT_ICJ_TERM_NOT_IN_ORIGINAL_233,RECONSTRUCTED_FROM_V8_SCREEN,YES,YES,NOT_PRESERVED,NOT_RETROACTIVELY_ASSIGNED,RECONSTRUCTED_CANDIDATE_LEDGER_NOT_ORIGINAL_HUMAN_REVIEW_WORKBOOK
ICJ-156-2015-04-22||SC_MEETING::SCM|S/PV.7299,SC_MEETING::SCM|S/PV.7299,ICJ-156-2015-04-22,156,2015-04-22,Questions relating to the Seizure and Detention of Certain Documents and Data (Timor-Leste v. Australia),2014-11-07,-166,PRE_ORDER,SC_MEETING,S/PV.7299,Election of 5 members of the International Court of Justice,https://research.un.org,E1,GENERAL_ICJ_REFERENCE,E1_E4_EXPLICIT_ICJ_TERM_NOT_IN_ORIGINAL_233,RECONSTRUCTED_FROM_V8_SCREEN,YES,YES,NOT_PRESERVED,NOT_RETROACTIVELY_ASSIGNED,RECONSTRUCTED_CANDIDATE_LEDGER_NOT_ORIGINAL_HUMAN_REVIEW_WORKBOOK
ICJ-156-2015-04-22||SC_MEETING::SCM|S/PV.7300,SC_MEETING::SCM|S/PV.7300,ICJ-156-2015-04-22,156,2015-04-22,Questions relating to the Seizure and Detention of Certain Documents and Data (Timor-Leste v. Australia),2014-11-07,-166,PRE_ORDER,SC_MEETING,S/PV.7300,Election of 5 members of the International Court of Justice,https://research.un.org,E1,GENERAL_ICJ_REFERENCE,E1_E4_EXPLICIT_ICJ_TERM_NOT_IN_ORIGINAL_233,RECONSTRUCTED_FROM_V8_SCREEN,YES,YES,NOT_PRESERVED,NOT_RETROACTIVELY_ASSIGNED,RECONSTRUCTED_CANDIDATE_LEDGER_NOT_ORIGINAL_HUMAN_REVIEW_WORKBOOK
ICJ-156-2015-04-22||SC_MEETING::SCM|S/PV.7301,SC_MEETING::SCM|S/PV.7301,ICJ-156-2015-04-22,156,2015-04-22,Questions relating to the Seizure and Detention of Certain Documents and Data (Timor-Leste v. Australia),2014-11-07,-166,PRE_ORDER,SC_MEETING,S/PV.7301,Election of 5 members of the International Court of Justice,https://research.un.org,E1,GENERAL_ICJ_REFERENCE,E1_E4_EXPLICIT_ICJ_TERM_NOT_IN_ORIGINAL_233,RECONSTRUCTED_FROM_V8_SCREEN,YES,YES,NOT_PRESERVED,NOT_RETROACTIVELY_ASSIGNED,RECONSTRUCTED_CANDIDATE_LEDGER_NOT_ORIGINAL_HUMAN_REVIEW_WORKBOOK
ICJ-156-2015-04-22||SC_MEETING::SCM|S/PV.7302,SC_MEETING::SCM|S/PV.7302,ICJ-156-2015-04-22,156,2015-04-22,Questions relating to the Seizure and Detention of Certain Documents and Data (Timor-Leste v. Australia),2014-11-07,-166,PRE_ORDER,SC_MEETING,S/PV.7302,Election of 5 members of the International Court of Justice,https://research.un.org,E1,GENERAL_ICJ_REFERENCE,E1_E4_EXPLICIT_ICJ_TERM_NOT_IN_ORIGINAL_233,RECONSTRUCTED_FROM_V8_SCREEN,YES,YES,NOT_PRESERVED,NOT_RETROACTIVELY_ASSIGNED,RECONSTRUCTED_CANDIDATE_LEDGER_NOT_ORIGINAL_HUMAN_REVIEW_WORKBOOK
ICJ-156-2015-04-22||SC_MEETING::SCM|S/PV.7303,SC_MEETING::SCM|S/PV.7303,ICJ-156-2015-04-22,156,2015-04-22,Questions relating to the Seizure and Detention of Certain Documents and Data (Timor-Leste v. Australia),2014-11-07,-166,PRE_ORDER,SC_MEETING,S/PV.7303,Election of 5 members of the International Court of Justice,https://research.un.org,E1,GENERAL_ICJ_REFERENCE,E1_E4_EXPLICIT_ICJ_TERM_NOT_IN_ORIGINAL_233,RECONSTRUCTED_FROM_V8_SCREEN,YES,YES,NOT_PRESERVED,NOT_RETROACTIVELY_ASSIGNED,RECONSTRUCTED_CANDIDATE_LEDGER_NOT_ORIGINAL_HUMAN_REVIEW_WORKBOOK
ICJ-156-2015-04-22||SC_MEETING::SCM|S/PV.7304,SC_MEETING::SCM|S/PV.7304,ICJ-156-2015-04-22,156,2015-04-22,Questions relating to the Seizure and Detention of Certain Documents and Data (Timor-Leste v. Australia),2014-11-07,-166,PRE_ORDER,SC_MEETING,S/PV.7304,Election of 5 members of the International Court of Justice,https://research.un.org,E1,GENERAL_ICJ_REFERENCE,E1_E4_EXPLICIT_ICJ_TERM_NOT_IN_ORIGINAL_233,RECONSTRUCTED_FROM_V8_SCREEN,YES,YES,NOT_PRESERVED,NOT_RETROACTIVELY_ASSIGNED,RECONSTRUCTED_CANDIDATE_LEDGER_NOT_ORIGINAL_HUMAN_REVIEW_WORKBOOK
ICJ-156-2015-04-22||SC_MEETING::SCM|S/PV.7313,SC_MEETING::SCM|S/PV.7313,ICJ-156-2015-04-22,156,2015-04-22,Questions relating to the Seizure and Detention of Certain Documents and Data (Timor-Leste v. Australia),2014-11-17,-156,PRE_ORDER,SC_MEETING,S/PV.7313,Election of 5 members of the International Court of Justice,https://research.un.org,E1,GENERAL_ICJ_REFERENCE,E1_E4_EXPLICIT_ICJ_TERM_NOT_IN_ORIGINAL_233,RECONSTRUCTED_FROM_V8_SCREEN,YES,YES,NOT_PRESERVED,NOT_RETROACTIVELY_ASSIGNED,RECONSTRUCTED_CANDIDATE_LEDGER_NOT_ORIGINAL_HUMAN_REVIEW_WORKBOOK
ICJ-163-2016-12-07||SC_MEETING::SCM|S/PV.7794,SC_MEETING::SCM|S/PV.7794,ICJ-163-2016-12-07,163,2016-12-07,Immunities and Criminal Proceedings (Equatorial Guinea v. France),2016-10-26,-42,PRE_ORDER,SC_MEETING,S/PV.7794,Briefing by the President of the International Court of Justice,https://research.un.org,E1,GENERAL_ICJ_REFERENCE,E1_E4_EXPLICIT_ICJ_TERM_NOT_IN_ORIGINAL_233,RECONSTRUCTED_FROM_V8_SCREEN,YES,YES,NOT_PRESERVED,NOT_RETROACTIVELY_ASSIGNED,RECONSTRUCTED_CANDIDATE_LEDGER_NOT_ORIGINAL_HUMAN_REVIEW_WORKBOOK
ICJ-166-2017-04-19||SC_MEETING::SCM|S/PV.7794,SC_MEETING::SCM|S/PV.7794,ICJ-166-2017-04-19,166,2017-04-19,Application of the International Convention for the Suppression of the Financing of Terrorism and of the International Convention on the Elimination of All Forms of Racial Discrimination (Ukraine v. Russian Federation),2016-10-26,-175,PRE_ORDER,SC_MEETING,S/PV.7794,Briefing by the President of the International Court of Justice,https://research.un.org,E1,GENERAL_ICJ_REFERENCE,E1_E4_EXPLICIT_ICJ_TERM_NOT_IN_ORIGINAL_233,RECONSTRUCTED_FROM_V8_SCREEN,YES,YES,NOT_PRESERVED,NOT_RETROACTIVELY_ASSIGNED,RECONSTRUCTED_CANDIDATE_LEDGER_NOT_ORIGINAL_HUMAN_REVIEW_WORKBOOK
ICJ-168-2017-05-18||SC_MEETING::SCM|S/PV.8075,SC_MEETING::SCM|S/PV.8075,ICJ-168-2017-05-18,168,2017-05-18,Jadhav (India v. Pakistan),2017-10-25,160,POST_ORDER,SC_MEETING,S/PV.8075,Briefing by the President of the International Court of Justice,https://research.un.org,E1,GENERAL_ICJ_REFERENCE,E1_E4_EXPLICIT_ICJ_TERM_NOT_IN_ORIGINAL_233,RECONSTRUCTED_FROM_V8_SCREEN,YES,YES,NOT_PRESERVED,NOT_RETROACTIVELY_ASSIGNED,RECONSTRUCTED_CANDIDATE_LEDGER_NOT_ORIGINAL_HUMAN_REVIEW_WORKBOOK
ICJ-168-2017-05-18||SC_MEETING::SCM|S/PV.8092,SC_MEETING::SCM|S/PV.8092,ICJ-168-2017-05-18,168,2017-05-18,Jadhav (India v. Pakistan),2017-11-09,175,POST_ORDER,SC_MEETING,S/PV.8092,Election of 5 members of the International Court of Justice,https://research.un.org,E1,GENERAL_ICJ_REFERENCE,E1_E4_EXPLICIT_ICJ_TERM_NOT_IN_ORIGINAL_233,RECONSTRUCTED_FROM_V8_SCREEN,YES,YES,NOT_PRESERVED,NOT_RETROACTIVELY_ASSIGNED,RECONSTRUCTED_CANDIDATE_LEDGER_NOT_ORIGINAL_HUMAN_REVIEW_WORKBOOK
ICJ-168-2017-05-18||SC_MEETING::SCM|S/PV.8092 (Resumption 1),SC_MEETING::SCM|S/PV.8092 (Resumption 1),ICJ-168-2017-05-18,168,2017-05-18,Jadhav (India v. Pakistan),2017-11-09,175,POST_ORDER,SC_MEETING,S/PV.8092 (Resumption 1),Election of 5 members of the International Court of Justice,https://research.un.org,E1,GENERAL_ICJ_REFERENCE,E1_E4_EXPLICIT_ICJ_TERM_NOT_IN_ORIGINAL_233,RECONSTRUCTED_FROM_V8_SCREEN,YES,YES,NOT_PRESERVED,NOT_RETROACTIVELY_ASSIGNED,RECONSTRUCTED_CANDIDATE_LEDGER_NOT_ORIGINAL_HUMAN_REVIEW_WORKBOOK
ICJ-168-2017-05-18||SC_MEETING::SCM|S/PV.8093,SC_MEETING::SCM|S/PV.8093,ICJ-168-2017-05-18,168,2017-05-18,Jadhav (India v. Pakistan),2017-11-09,175,POST_ORDER,SC_MEETING,S/PV.8093,Election of 5 members of the International Court of Justice,https://research.un.org,E1,GENERAL_ICJ_REFERENCE,E1_E4_EXPLICIT_ICJ_TERM_NOT_IN_ORIGINAL_233,RECONSTRUCTED_FROM_V8_SCREEN,YES,YES,NOT_PRESERVED,NOT_RETROACTIVELY_ASSIGNED,RECONSTRUCTED_CANDIDATE_LEDGER_NOT_ORIGINAL_HUMAN_REVIEW_WORKBOOK
ICJ-168-2017-05-18||SC_MEETING::SCM|S/PV.8094,SC_MEETING::SCM|S/PV.8094,ICJ-168-2017-05-18,168,2017-05-18,Jadhav (India v. Pakistan),2017-11-13,179,POST_ORDER,SC_MEETING,S/PV.8094,Election of 5 members of the International Court of Justice,https://research.un.org,E1,GENERAL_ICJ_REFERENCE,E1_E4_EXPLICIT_ICJ_TERM_NOT_IN_ORIGINAL_233,RECONSTRUCTED_FROM_V8_SCREEN,YES,YES,NOT_PRESERVED,NOT_RETROACTIVELY_ASSIGNED,RECONSTRUCTED_CANDIDATE_LEDGER_NOT_ORIGINAL_HUMAN_REVIEW_WORKBOOK
ICJ-168-2017-05-18||SC_MEETING::SCM|S/PV.8095,SC_MEETING::SCM|S/PV.8095,ICJ-168-2017-05-18,168,2017-05-18,Jadhav (India v. Pakistan),2017-11-13,179,POST_ORDER,SC_MEETING,S/PV.8095,Election of 5 members of the International Court of Justice,https://research.un.org,E1,GENERAL_ICJ_REFERENCE,E1_E4_EXPLICIT_ICJ_TERM_NOT_IN_ORIGINAL_233,RECONSTRUCTED_FROM_V8_SCREEN,YES,YES,NOT_PRESERVED,NOT_RETROACTIVELY_ASSIGNED,RECONSTRUCTED_CANDIDATE_LEDGER_NOT_ORIGINAL_HUMAN_REVIEW_WORKBOOK
ICJ-168-2017-05-18||SC_MEETING::SCM|S/PV.8096,SC_MEETING::SCM|S/PV.8096,ICJ-168-2017-05-18,168,2017-05-18,Jadhav (India v. Pakistan),2017-11-13,179,POST_ORDER,SC_MEETING,S/PV.8096,Election of 5 members of the International Court of Justice,https://research.un.org,E1,GENERAL_ICJ_REFERENCE,E1_E4_EXPLICIT_ICJ_TERM_NOT_IN_ORIGINAL_233,RECONSTRUCTED_FROM_V8_SCREEN,YES,YES,NOT_PRESERVED,NOT_RETROACTIVELY_ASSIGNED,RECONSTRUCTED_CANDIDATE_LEDGER_NOT_ORIGINAL_HUMAN_REVIEW_WORKBOOK
ICJ-168-2017-05-18||SC_MEETING::SCM|S/PV.8097,SC_MEETING::SCM|S/PV.8097,ICJ-168-2017-05-18,168,2017-05-18,Jadhav (India v. Pakistan),2017-11-13,179,POST_ORDER,SC_MEETING,S/PV.8097,Election of 5 members of the International Court of Justice,https://research.un.org,E1,GENERAL_ICJ_REFERENCE,E1_E4_EXPLICIT_ICJ_TERM_NOT_IN_ORIGINAL_233,RECONSTRUCTED_FROM_V8_SCREEN,YES,YES,NOT_PRESERVED,NOT_RETROACTIVELY_ASSIGNED,RECONSTRUCTED_CANDIDATE_LEDGER_NOT_ORIGINAL_HUMAN_REVIEW_WORKBOOK
ICJ-168-2017-05-18||SC_MEETING::SCM|S/PV.8098,SC_MEETING::SCM|S/PV.8098,ICJ-168-2017-05-18,168,2017-05-18,Jadhav (India v. Pakistan),2017-11-13,179,POST_ORDER,SC_MEETING,S/PV.8098,Election of 5 members of the International Court of Justice,https://research.un.org,E1,GENERAL_ICJ_REFERENCE,E1_E4_EXPLICIT_ICJ_TERM_NOT_IN_ORIGINAL_233,RECONSTRUCTED_FROM_V8_SCREEN,YES,YES,NOT_PRESERVED,NOT_RETROACTIVELY_ASSIGNED,RECONSTRUCTED_CANDIDATE_LEDGER_NOT_ORIGINAL_HUMAN_REVIEW_WORKBOOK
ICJ-171-2023-12-01||SC_MEETING::SCM|S/PV.9456,SC_MEETING::SCM|S/PV.9456,ICJ-171-2023-12-01,171,2023-12-01,Arbitral Award of 3 October 1899 (Guyana v. Venezuela),2023-10-27,-35,PRE_ORDER,SC_MEETING,S/PV.9456,Briefing by the President of the International Court of Justice,https://docs.un.org/S/PV.9456,E1,GENERAL_ICJ_REFERENCE,E1_E4_EXPLICIT_ICJ_TERM_NOT_IN_ORIGINAL_233,RECONSTRUCTED_FROM_V8_SCREEN,YES,YES,NOT_PRESERVED,NOT_RETROACTIVELY_ASSIGNED,RECONSTRUCTED_CANDIDATE_LEDGER_NOT_ORIGINAL_HUMAN_REVIEW_WORKBOOK
ICJ-171-2023-12-01||SC_MEETING::SCM|S/PV.9471,SC_MEETING::SCM|S/PV.9471,ICJ-171-2023-12-01,171,2023-12-01,Arbitral Award of 3 October 1899 (Guyana v. Venezuela),2023-11-09,-22,PRE_ORDER,SC_MEETING,S/PV.9471,Election of 5 members of the International Court of Justice,https://docs.un.org/S/PV.9471,E1,GENERAL_ICJ_REFERENCE,E1_E4_EXPLICIT_ICJ_TERM_NOT_IN_ORIGINAL_233,RECONSTRUCTED_FROM_V8_SCREEN,YES,YES,NOT_PRESERVED,NOT_RETROACTIVELY_ASSIGNED,RECONSTRUCTED_CANDIDATE_LEDGER_NOT_ORIGINAL_HUMAN_REVIEW_WORKBOOK
ICJ-171-2025-05-01||SC_FORMAL_VOTE::SCV|2138,SC_FORMAL_VOTE::SCV|2138,ICJ-171-2025-05-01,171,2025-05-01,Arbitral Award of 3 October 1899 (Guyana v. Venezuela),2025-01-24,-97,PRE_ORDER,SC_FORMAL_VOTE,S/2025/48,Date of election to fill a vacancy in the ICJ | Date of election to fill a vacancy in the International Court of Justice | S/2025/48 | 2770 (2025),https://api.psdata.un.org/public/data/DPPA-SCVOTES/csv,E1,GENERAL_ICJ_REFERENCE,E1_E4_EXPLICIT_ICJ_TERM_NOT_IN_ORIGINAL_233,RECONSTRUCTED_FROM_V8_SCREEN,YES,YES,NOT_PRESERVED,NOT_RETROACTIVELY_ASSIGNED,RECONSTRUCTED_CANDIDATE_LEDGER_NOT_ORIGINAL_HUMAN_REVIEW_WORKBOOK
ICJ-171-2025-05-01||SC_MEETING::SCM|S/PV.9847,SC_MEETING::SCM|S/PV.9847,ICJ-171-2025-05-01,171,2025-05-01,Arbitral Award of 3 October 1899 (Guyana v. Venezuela),2025-01-24,-97,PRE_ORDER,SC_MEETING,S/PV.9847,Date of election to fill a vacancy in the International Court of Justice | SC/15976,https://press.un.org/en/2025/sc15976.doc.htm,E1,GENERAL_ICJ_REFERENCE,E1_E4_EXPLICIT_ICJ_TERM_NOT_IN_ORIGINAL_233,RECONSTRUCTED_FROM_V8_SCREEN,YES,YES,NOT_PRESERVED,NOT_RETROACTIVELY_ASSIGNED,RECONSTRUCTED_CANDIDATE_LEDGER_NOT_ORIGINAL_HUMAN_REVIEW_WORKBOOK
ICJ-171-2025-05-01||SC_MEETING::SCM|S/PV.9922,SC_MEETING::SCM|S/PV.9922,ICJ-171-2025-05-01,171,2025-05-01,Arbitral Award of 3 October 1899 (Guyana v. Venezuela),2025-05-27,26,POST_ORDER,SC_MEETING,S/PV.9922,Election of a member of the International Court of Justice | SC/16071,https://www.un.org/press/en/2025/sc16071.doc.htm,E1,GENERAL_ICJ_REFERENCE,E1_E4_EXPLICIT_ICJ_TERM_NOT_IN_ORIGINAL_233,RECONSTRUCTED_FROM_V8_SCREEN,YES,YES,NOT_PRESERVED,NOT_RETROACTIVELY_ASSIGNED,RECONSTRUCTED_CANDIDATE_LEDGER_NOT_ORIGINAL_HUMAN_REVIEW_WORKBOOK
ICJ-171-2025-05-01||SC_FORMAL_VOTE::SCV|2153,SC_FORMAL_VOTE::SCV|2153,ICJ-171-2025-05-01,171,2025-05-01,Arbitral Award of 3 October 1899 (Guyana v. Venezuela),2025-07-02,62,POST_ORDER,SC_FORMAL_VOTE,S/2025/435,Date of election to fill a vacancy in the ICJ | Date of election to fill a vacancy in the International Court of Justice | S/2025/435 | 2784 (2025),https://api.psdata.un.org/public/data/DPPA-SCVOTES/csv,E1,GENERAL_ICJ_REFERENCE,E1_E4_EXPLICIT_ICJ_TERM_NOT_IN_ORIGINAL_233,RECONSTRUCTED_FROM_V8_SCREEN,YES,YES,NOT_PRESERVED,NOT_RETROACTIVELY_ASSIGNED,RECONSTRUCTED_CANDIDATE_LEDGER_NOT_ORIGINAL_HUMAN_REVIEW_WORKBOOK
ICJ-171-2025-05-01||SC_MEETING::SCM|S/PV.9952,SC_MEETING::SCM|S/PV.9952,ICJ-171-2025-05-01,171,2025-05-01,Arbitral Award of 3 October 1899 (Guyana v. Venezuela),2025-07-02,62,POST_ORDER,SC_MEETING,S/PV.9952,Date of election to fill a vacancy in the International Court of Justice | SC/16110,https://www.un.org/press/en/2025/sc16110.doc.htm,E1,GENERAL_ICJ_REFERENCE,E1_E4_EXPLICIT_ICJ_TERM_NOT_IN_ORIGINAL_233,RECONSTRUCTED_FROM_V8_SCREEN,YES,YES,NOT_PRESERVED,NOT_RETROACTIVELY_ASSIGNED,RECONSTRUCTED_CANDIDATE_LEDGER_NOT_ORIGINAL_HUMAN_REVIEW_WORKBOOK
ICJ-172-2018-07-23||SC_FORMAL_VOTE::SCV|1726,SC_FORMAL_VOTE::SCV|1726,ICJ-172-2018-07-23,172,2018-07-23,Application of the International Convention on the Elimination of All Forms of Racial Discrimination (Qatar v. United Arab Emirates),2018-02-28,-145,PRE_ORDER,SC_FORMAL_VOTE,S/2018160,Date of election to fill a vacancy in the ICJ | Date of election to fill a vacancy in the International Court of Justice | S/2018160 | 2403 (2018),https://api.psdata.un.org/public/data/DPPA-SCVOTES/csv,E1,GENERAL_ICJ_REFERENCE,E1_E4_EXPLICIT_ICJ_TERM_NOT_IN_ORIGINAL_233,RECONSTRUCTED_FROM_V8_SCREEN,YES,YES,NOT_PRESERVED,NOT_RETROACTIVELY_ASSIGNED,RECONSTRUCTED_CANDIDATE_LEDGER_NOT_ORIGINAL_HUMAN_REVIEW_WORKBOOK
ICJ-172-2018-07-23||SC_MEETING::SCM|S/PV.8193,SC_MEETING::SCM|S/PV.8193,ICJ-172-2018-07-23,172,2018-07-23,Application of the International Convention on the Elimination of All Forms of Racial Discrimination (Qatar v. United Arab Emirates),2018-02-28,-145,PRE_ORDER,SC_MEETING,S/PV.8193,Date of election to fill a vacancy in the International Court of Justice,https://research.un.org,E1,GENERAL_ICJ_REFERENCE,E1_E4_EXPLICIT_ICJ_TERM_NOT_IN_ORIGINAL_233,RECONSTRUCTED_FROM_V8_SCREEN,YES,YES,NOT_PRESERVED,NOT_RETROACTIVELY_ASSIGNED,RECONSTRUCTED_CANDIDATE_LEDGER_NOT_ORIGINAL_HUMAN_REVIEW_WORKBOOK
ICJ-172-2018-07-23||SC_MEETING::SCM|S/PV.8292,SC_MEETING::SCM|S/PV.8292,ICJ-172-2018-07-23,172,2018-07-23,Application of the International Convention on the Elimination of All Forms of Racial Discrimination (Qatar v. United Arab Emirates),2018-06-22,-31,PRE_ORDER,SC_MEETING,S/PV.8292,Election of a member of the International Court of Justice,https://research.un.org,E1,GENERAL_ICJ_REFERENCE,E1_E4_EXPLICIT_ICJ_TERM_NOT_IN_ORIGINAL_233,RECONSTRUCTED_FROM_V8_SCREEN,YES,YES,NOT_PRESERVED,NOT_RETROACTIVELY_ASSIGNED,RECONSTRUCTED_CANDIDATE_LEDGER_NOT_ORIGINAL_HUMAN_REVIEW_WORKBOOK
ICJ-172-2018-07-23||SC_MEETING::SCM|S/PV.8380,SC_MEETING::SCM|S/PV.8380,ICJ-172-2018-07-23,172,2018-07-23,Application of the International Convention on the Elimination of All Forms of Racial Discrimination (Qatar v. United Arab Emirates),2018-10-24,93,POST_ORDER,SC_MEETING,S/PV.8380,Briefing by the President of the International Court of Justice,https://research.un.org,E1,GENERAL_ICJ_REFERENCE,E1_E4_EXPLICIT_ICJ_TERM_NOT_IN_ORIGINAL_233,RECONSTRUCTED_FROM_V8_SCREEN,YES,YES,NOT_PRESERVED,NOT_RETROACTIVELY_ASSIGNED,RECONSTRUCTED_CANDIDATE_LEDGER_NOT_ORIGINAL_HUMAN_REVIEW_WORKBOOK
ICJ-172-2018-07-23||GA_FORMAL_VOTE::GAV|1656640,GA_FORMAL_VOTE::GAV|1656640,ICJ-172-2018-07-23,172,2018-07-23,Application of the International Convention on the Elimination of All Forms of Racial Discrimination (Qatar v. United Arab Emirates),2018-12-20,150,POST_ORDER,GA_FORMAL_VOTE,A/RES/73/257,Judgement of the International Court of Justice of 31 March 2004 concerning Avena and other Mexican nationals : need for immediate compliance : resolution / adopted by the General Assembly | Strengthening of the United Nations System. | UN SYSTEM--STRENGTHENING,https://digitallibrary.un.org/record/1656640,E1,GENERAL_ICJ_REFERENCE,E1_E4_EXPLICIT_ICJ_TERM_NOT_IN_ORIGINAL_233,RECONSTRUCTED_FROM_V8_SCREEN,YES,YES,NOT_PRESERVED,NOT_RETROACTIVELY_ASSIGNED,RECONSTRUCTED_CANDIDATE_LEDGER_NOT_ORIGINAL_HUMAN_REVIEW_WORKBOOK
ICJ-172-2019-06-14||GA_FORMAL_VOTE::GAV|1656640,GA_FORMAL_VOTE::GAV|1656640,ICJ-172-2019-06-14,172,2019-06-14,Application of the International Convention on the Elimination of All Forms of Racial Discrimination (Qatar v. United Arab Emirates),2018-12-20,-176,PRE_ORDER,GA_FORMAL_VOTE,A/RES/73/257,Judgement of the International Court of Justice of 31 March 2004 concerning Avena and other Mexican nationals : need for immediate compliance : resolution / adopted by the General Assembly | Strengthening of the United Nations System. | UN SYSTEM--STRENGTHENING,https://digitallibrary.un.org/record/1656640,E1,GENERAL_ICJ_REFERENCE,E1_E4_EXPLICIT_ICJ_TERM_NOT_IN_ORIGINAL_233,RECONSTRUCTED_FROM_V8_SCREEN,YES,YES,NOT_PRESERVED,NOT_RETROACTIVELY_ASSIGNED,RECONSTRUCTED_CANDIDATE_LEDGER_NOT_ORIGINAL_HUMAN_REVIEW_WORKBOOK
ICJ-172-2019-06-14||SC_MEETING::SCM|S/PV.8653,SC_MEETING::SCM|S/PV.8653,ICJ-172-2019-06-14,172,2019-06-14,Application of the International Convention on the Elimination of All Forms of Racial Discrimination (Qatar v. United Arab Emirates),2019-10-31,139,POST_ORDER,SC_MEETING,S/PV.8653,Briefing by the President of the International Court of Justice,https://research.un.org,E1,GENERAL_ICJ_REFERENCE,E1_E4_EXPLICIT_ICJ_TERM_NOT_IN_ORIGINAL_233,RECONSTRUCTED_FROM_V8_SCREEN,YES,YES,NOT_PRESERVED,NOT_RETROACTIVELY_ASSIGNED,RECONSTRUCTED_CANDIDATE_LEDGER_NOT_ORIGINAL_HUMAN_REVIEW_WORKBOOK
ICJ-178-2020-01-23||SC_MEETING::SCM|S/PV.8653,SC_MEETING::SCM|S/PV.8653,ICJ-178-2020-01-23,178,2020-01-23,Application of the Convention on the Prevention and Punishment of the Crime of Genocide (The Gambia v. Myanmar: 11 States intervening),2019-10-31,-84,PRE_ORDER,SC_MEETING,S/PV.8653,Briefing by the President of the International Court of Justice,https://research.un.org,E1,GENERAL_ICJ_REFERENCE,E1_E4_EXPLICIT_ICJ_TERM_NOT_IN_ORIGINAL_233,RECONSTRUCTED_FROM_V8_SCREEN,YES,YES,NOT_PRESERVED,NOT_RETROACTIVELY_ASSIGNED,RECONSTRUCTED_CANDIDATE_LEDGER_NOT_ORIGINAL_HUMAN_REVIEW_WORKBOOK
ICJ-180-2021-12-07||SC_FORMAL_VOTE::SCV|1925,SC_FORMAL_VOTE::SCV|1925,ICJ-180-2021-12-07,180,2021-12-07,Application of the International Convention on the Elimination of All Forms of Racial Discrimination (Armenia v. Azerbaijan),2021-06-29,-161,PRE_ORDER,SC_FORMAL_VOTE,S/2021/606,Date of election to fill a vacancy in the ICJ | Date of election to fill a vacancy in the International Court of Justice | S/2021/606 | 2583 (2021),https://api.psdata.un.org/public/data/DPPA-SCVOTES/csv,E1,GENERAL_ICJ_REFERENCE,E1_E4_EXPLICIT_ICJ_TERM_NOT_IN_ORIGINAL_233,RECONSTRUCTED_FROM_V8_SCREEN,YES,YES,NOT_PRESERVED,NOT_RETROACTIVELY_ASSIGNED,RECONSTRUCTED_CANDIDATE_LEDGER_NOT_ORIGINAL_HUMAN_REVIEW_WORKBOOK
ICJ-180-2021-12-07||SC_MEETING::SCM|S/PV.8808,SC_MEETING::SCM|S/PV.8808,ICJ-180-2021-12-07,180,2021-12-07,Application of the International Convention on the Elimination of All Forms of Racial Discrimination (Armenia v. Azerbaijan),2021-06-29,-161,PRE_ORDER,SC_MEETING,S/PV.8808,Date of election to fill a vacancy in the International Court of Justice,https://research.un.org,E1,GENERAL_ICJ_REFERENCE,E1_E4_EXPLICIT_ICJ_TERM_NOT_IN_ORIGINAL_233,RECONSTRUCTED_FROM_V8_SCREEN,YES,YES,NOT_PRESERVED,NOT_RETROACTIVELY_ASSIGNED,RECONSTRUCTED_CANDIDATE_LEDGER_NOT_ORIGINAL_HUMAN_REVIEW_WORKBOOK
ICJ-180-2021-12-07||SC_MEETING::SCM|S/PV.8894,SC_MEETING::SCM|S/PV.8894,ICJ-180-2021-12-07,180,2021-12-07,Application of the International Convention on the Elimination of All Forms of Racial Discrimination (Armenia v. Azerbaijan),2021-11-02,-35,PRE_ORDER,SC_MEETING,S/PV.8894,Briefing by the President of the International Court of Justice,https://research.un.org,E1,GENERAL_ICJ_REFERENCE,E1_E4_EXPLICIT_ICJ_TERM_NOT_IN_ORIGINAL_233,RECONSTRUCTED_FROM_V8_SCREEN,YES,YES,NOT_PRESERVED,NOT_RETROACTIVELY_ASSIGNED,RECONSTRUCTED_CANDIDATE_LEDGER_NOT_ORIGINAL_HUMAN_REVIEW_WORKBOOK
ICJ-180-2021-12-07||SC_MEETING::SCM|S/PV.8897,SC_MEETING::SCM|S/PV.8897,ICJ-180-2021-12-07,180,2021-12-07,Application of the International Convention on the Elimination of All Forms of Racial Discrimination (Armenia v. Azerbaijan),2021-11-05,-32,PRE_ORDER,SC_MEETING,S/PV.8897,Election of a member of the International Court of Justice,https://research.un.org,E1,GENERAL_ICJ_REFERENCE,E1_E4_EXPLICIT_ICJ_TERM_NOT_IN_ORIGINAL_233,RECONSTRUCTED_FROM_V8_SCREEN,YES,YES,NOT_PRESERVED,NOT_RETROACTIVELY_ASSIGNED,RECONSTRUCTED_CANDIDATE_LEDGER_NOT_ORIGINAL_HUMAN_REVIEW_WORKBOOK
ICJ-180-2022-10-12||SC_FORMAL_VOTE::SCV|1985,SC_FORMAL_VOTE::SCV|1985,ICJ-180-2022-10-12,180,2022-10-12,Application of the International Convention on the Elimination of All Forms of Racial Discrimination (Armenia v. Azerbaijan),2022-06-22,-112,PRE_ORDER,SC_FORMAL_VOTE,S/2022/495,Date of election to fill a vacancy in the ICJ | Date of election to fill a vacancy in the International Court of Justice | S/2022/495 | 2638 (2022),https://api.psdata.un.org/public/data/DPPA-SCVOTES/csv,E1,GENERAL_ICJ_REFERENCE,E1_E4_EXPLICIT_ICJ_TERM_NOT_IN_ORIGINAL_233,RECONSTRUCTED_FROM_V8_SCREEN,YES,YES,NOT_PRESERVED,NOT_RETROACTIVELY_ASSIGNED,RECONSTRUCTED_CANDIDATE_LEDGER_NOT_ORIGINAL_HUMAN_REVIEW_WORKBOOK
ICJ-180-2022-10-12||SC_MEETING::SCM|S/PV.9073,SC_MEETING::SCM|S/PV.9073,ICJ-180-2022-10-12,180,2022-10-12,Application of the International Convention on the Elimination of All Forms of Racial Discrimination (Armenia v. Azerbaijan),2022-06-22,-112,PRE_ORDER,SC_MEETING,S/PV.9073,Date of election to fill a vacancy in the International Court of Justice,https://research.un.org,E1,GENERAL_ICJ_REFERENCE,E1_E4_EXPLICIT_ICJ_TERM_NOT_IN_ORIGINAL_233,RECONSTRUCTED_FROM_V8_SCREEN,YES,YES,NOT_PRESERVED,NOT_RETROACTIVELY_ASSIGNED,RECONSTRUCTED_CANDIDATE_LEDGER_NOT_ORIGINAL_HUMAN_REVIEW_WORKBOOK
ICJ-180-2022-10-12||SC_MEETING::SCM|S/PV.9166,SC_MEETING::SCM|S/PV.9166,ICJ-180-2022-10-12,180,2022-10-12,Application of the International Convention on the Elimination of All Forms of Racial Discrimination (Armenia v. Azerbaijan),2022-10-26,14,POST_ORDER,SC_MEETING,S/PV.9166,Briefing by the President of the International Court of Justice,https://research.un.org,E1,GENERAL_ICJ_REFERENCE,E1_E4_EXPLICIT_ICJ_TERM_NOT_IN_ORIGINAL_233,RECONSTRUCTED_FROM_V8_SCREEN,YES,YES,NOT_PRESERVED,NOT_RETROACTIVELY_ASSIGNED,RECONSTRUCTED_CANDIDATE_LEDGER_NOT_ORIGINAL_HUMAN_REVIEW_WORKBOOK
ICJ-180-2022-10-12||SC_MEETING::SCM|S/PV.9182,SC_MEETING::SCM|S/PV.9182,ICJ-180-2022-10-12,180,2022-10-12,Application of the International Convention on the Elimination of All Forms of Racial Discrimination (Armenia v. Azerbaijan),2022-11-04,23,POST_ORDER,SC_MEETING,S/PV.9182,Election of a member of the International Court of Justice,https://research.un.org,E1,GENERAL_ICJ_REFERENCE,E1_E4_EXPLICIT_ICJ_TERM_NOT_IN_ORIGINAL_233,RECONSTRUCTED_FROM_V8_SCREEN,YES,YES,NOT_PRESERVED,NOT_RETROACTIVELY_ASSIGNED,RECONSTRUCTED_CANDIDATE_LEDGER_NOT_ORIGINAL_HUMAN_REVIEW_WORKBOOK
ICJ-180-2023-02-22||SC_MEETING::SCM|S/PV.9166,SC_MEETING::SCM|S/PV.9166,ICJ-180-2023-02-22,180,2023-02-22,Application of the International Convention on the Elimination of All Forms of Racial Discrimination (Armenia v. Azerbaijan),2022-10-26,-119,PRE_ORDER,SC_MEETING,S/PV.9166,Briefing by the President of the International Court of Justice,https://research.un.org,E1,GENERAL_ICJ_REFERENCE,E1_E4_EXPLICIT_ICJ_TERM_NOT_IN_ORIGINAL_233,RECONSTRUCTED_FROM_V8_SCREEN,YES,YES,NOT_PRESERVED,NOT_RETROACTIVELY_ASSIGNED,RECONSTRUCTED_CANDIDATE_LEDGER_NOT_ORIGINAL_HUMAN_REVIEW_WORKBOOK
ICJ-180-2023-02-22||SC_MEETING::SCM|S/PV.9182,SC_MEETING::SCM|S/PV.9182,ICJ-180-2023-02-22,180,2023-02-22,Application of the International Convention on the Elimination of All Forms of Racial Discrimination (Armenia v. Azerbaijan),2022-11-04,-110,PRE_ORDER,SC_MEETING,S/PV.9182,Election of a member of the International Court of Justice,https://research.un.org,E1,GENERAL_ICJ_REFERENCE,E1_E4_EXPLICIT_ICJ_TERM_NOT_IN_ORIGINAL_233,RECONSTRUCTED_FROM_V8_SCREEN,YES,YES,NOT_PRESERVED,NOT_RETROACTIVELY_ASSIGNED,RECONSTRUCTED_CANDIDATE_LEDGER_NOT_ORIGINAL_HUMAN_REVIEW_WORKBOOK
ICJ-180-2023-07-06||SC_MEETING::SCM|S/PV.9456,SC_MEETING::SCM|S/PV.9456,ICJ-180-2023-07-06,180,2023-07-06,Application of the International Convention on the Elimination of All Forms of Racial Discrimination (Armenia v. Azerbaijan),2023-10-27,113,POST_ORDER,SC_MEETING,S/PV.9456,Briefing by the President of the International Court of Justice,https://docs.un.org/S/PV.9456,E1,GENERAL_ICJ_REFERENCE,E1_E4_EXPLICIT_ICJ_TERM_NOT_IN_ORIGINAL_233,RECONSTRUCTED_FROM_V8_SCREEN,YES,YES,NOT_PRESERVED,NOT_RETROACTIVELY_ASSIGNED,RECONSTRUCTED_CANDIDATE_LEDGER_NOT_ORIGINAL_HUMAN_REVIEW_WORKBOOK
ICJ-180-2023-07-06||SC_MEETING::SCM|S/PV.9471,SC_MEETING::SCM|S/PV.9471,ICJ-180-2023-07-06,180,2023-07-06,Application of the International Convention on the Elimination of All Forms of Racial Discrimination (Armenia v. Azerbaijan),2023-11-09,126,POST_ORDER,SC_MEETING,S/PV.9471,Election of 5 members of the International Court of Justice,https://docs.un.org/S/PV.9471,E1,GENERAL_ICJ_REFERENCE,E1_E4_EXPLICIT_ICJ_TERM_NOT_IN_ORIGINAL_233,RECONSTRUCTED_FROM_V8_SCREEN,YES,YES,NOT_PRESERVED,NOT_RETROACTIVELY_ASSIGNED,RECONSTRUCTED_CANDIDATE_LEDGER_NOT_ORIGINAL_HUMAN_REVIEW_WORKBOOK
ICJ-180-2023-11-17||SC_MEETING::SCM|S/PV.9456,SC_MEETING::SCM|S/PV.9456,ICJ-180-2023-11-17,180,2023-11-17,Application of the International Convention on the Elimination of All Forms of Racial Discrimination (Armenia v. Azerbaijan),2023-10-27,-21,PRE_ORDER,SC_MEETING,S/PV.9456,Briefing by the President of the International Court of Justice,https://docs.un.org/S/PV.9456,E1,GENERAL_ICJ_REFERENCE,E1_E4_EXPLICIT_ICJ_TERM_NOT_IN_ORIGINAL_233,RECONSTRUCTED_FROM_V8_SCREEN,YES,YES,NOT_PRESERVED,NOT_RETROACTIVELY_ASSIGNED,RECONSTRUCTED_CANDIDATE_LEDGER_NOT_ORIGINAL_HUMAN_REVIEW_WORKBOOK
ICJ-180-2023-11-17||SC_MEETING::SCM|S/PV.9471,SC_MEETING::SCM|S/PV.9471,ICJ-180-2023-11-17,180,2023-11-17,Application of the International Convention on the Elimination of All Forms of Racial Discrimination (Armenia v. Azerbaijan),2023-11-09,-8,PRE_ORDER,SC_MEETING,S/PV.9471,Election of 5 members of the International Court of Justice,https://docs.un.org/S/PV.9471,E1,GENERAL_ICJ_REFERENCE,E1_E4_EXPLICIT_ICJ_TERM_NOT_IN_ORIGINAL_233,RECONSTRUCTED_FROM_V8_SCREEN,YES,YES,NOT_PRESERVED,NOT_RETROACTIVELY_ASSIGNED,RECONSTRUCTED_CANDIDATE_LEDGER_NOT_ORIGINAL_HUMAN_REVIEW_WORKBOOK
ICJ-181-2021-12-07||SC_FORMAL_VOTE::SCV|1925,SC_FORMAL_VOTE::SCV|1925,ICJ-181-2021-12-07,181,2021-12-07,Application of the International Convention on the Elimination of All Forms of Racial Discrimination (Azerbaijan v. Armenia),2021-06-29,-161,PRE_ORDER,SC_FORMAL_VOTE,S/2021/606,Date of election to fill a vacancy in the ICJ | Date of election to fill a vacancy in the International Court of Justice | S/2021/606 | 2583 (2021),https://api.psdata.un.org/public/data/DPPA-SCVOTES/csv,E1,GENERAL_ICJ_REFERENCE,E1_E4_EXPLICIT_ICJ_TERM_NOT_IN_ORIGINAL_233,RECONSTRUCTED_FROM_V8_SCREEN,YES,YES,NOT_PRESERVED,NOT_RETROACTIVELY_ASSIGNED,RECONSTRUCTED_CANDIDATE_LEDGER_NOT_ORIGINAL_HUMAN_REVIEW_WORKBOOK
ICJ-181-2021-12-07||SC_MEETING::SCM|S/PV.8808,SC_MEETING::SCM|S/PV.8808,ICJ-181-2021-12-07,181,2021-12-07,Application of the International Convention on the Elimination of All Forms of Racial Discrimination (Azerbaijan v. Armenia),2021-06-29,-161,PRE_ORDER,SC_MEETING,S/PV.8808,Date of election to fill a vacancy in the International Court of Justice,https://research.un.org,E1,GENERAL_ICJ_REFERENCE,E1_E4_EXPLICIT_ICJ_TERM_NOT_IN_ORIGINAL_233,RECONSTRUCTED_FROM_V8_SCREEN,YES,YES,NOT_PRESERVED,NOT_RETROACTIVELY_ASSIGNED,RECONSTRUCTED_CANDIDATE_LEDGER_NOT_ORIGINAL_HUMAN_REVIEW_WORKBOOK
ICJ-181-2021-12-07||SC_MEETING::SCM|S/PV.8894,SC_MEETING::SCM|S/PV.8894,ICJ-181-2021-12-07,181,2021-12-07,Application of the International Convention on the Elimination of All Forms of Racial Discrimination (Azerbaijan v. Armenia),2021-11-02,-35,PRE_ORDER,SC_MEETING,S/PV.8894,Briefing by the President of the International Court of Justice,https://research.un.org,E1,GENERAL_ICJ_REFERENCE,E1_E4_EXPLICIT_ICJ_TERM_NOT_IN_ORIGINAL_233,RECONSTRUCTED_FROM_V8_SCREEN,YES,YES,NOT_PRESERVED,NOT_RETROACTIVELY_ASSIGNED,RECONSTRUCTED_CANDIDATE_LEDGER_NOT_ORIGINAL_HUMAN_REVIEW_WORKBOOK
ICJ-181-2021-12-07||SC_MEETING::SCM|S/PV.8897,SC_MEETING::SCM|S/PV.8897,ICJ-181-2021-12-07,181,2021-12-07,Application of the International Convention on the Elimination of All Forms of Racial Discrimination (Azerbaijan v. Armenia),2021-11-05,-32,PRE_ORDER,SC_MEETING,S/PV.8897,Election of a member of the International Court of Justice,https://research.un.org,E1,GENERAL_ICJ_REFERENCE,E1_E4_EXPLICIT_ICJ_TERM_NOT_IN_ORIGINAL_233,RECONSTRUCTED_FROM_V8_SCREEN,YES,YES,NOT_PRESERVED,NOT_RETROACTIVELY_ASSIGNED,RECONSTRUCTED_CANDIDATE_LEDGER_NOT_ORIGINAL_HUMAN_REVIEW_WORKBOOK
ICJ-181-2023-02-22||SC_MEETING::SCM|S/PV.9166,SC_MEETING::SCM|S/PV.9166,ICJ-181-2023-02-22,181,2023-02-22,Application of the International Convention on the Elimination of All Forms of Racial Discrimination (Azerbaijan v. Armenia),2022-10-26,-119,PRE_ORDER,SC_MEETING,S/PV.9166,Briefing by the President of the International Court of Justice,https://research.un.org,E1,GENERAL_ICJ_REFERENCE,E1_E4_EXPLICIT_ICJ_TERM_NOT_IN_ORIGINAL_233,RECONSTRUCTED_FROM_V8_SCREEN,YES,YES,NOT_PRESERVED,NOT_RETROACTIVELY_ASSIGNED,RECONSTRUCTED_CANDIDATE_LEDGER_NOT_ORIGINAL_HUMAN_REVIEW_WORKBOOK
ICJ-181-2023-02-22||SC_MEETING::SCM|S/PV.9182,SC_MEETING::SCM|S/PV.9182,ICJ-181-2023-02-22,181,2023-02-22,Application of the International Convention on the Elimination of All Forms of Racial Discrimination (Azerbaijan v. Armenia),2022-11-04,-110,PRE_ORDER,SC_MEETING,S/PV.9182,Election of a member of the International Court of Justice,https://research.un.org,E1,GENERAL_ICJ_REFERENCE,E1_E4_EXPLICIT_ICJ_TERM_NOT_IN_ORIGINAL_233,RECONSTRUCTED_FROM_V8_SCREEN,YES,YES,NOT_PRESERVED,NOT_RETROACTIVELY_ASSIGNED,RECONSTRUCTED_CANDIDATE_LEDGER_NOT_ORIGINAL_HUMAN_REVIEW_WORKBOOK
ICJ-182-2022-03-16||SC_MEETING::SCM|S/PV.8894,SC_MEETING::SCM|S/PV.8894,ICJ-182-2022-03-16,182,2022-03-16,Allegations of Genocide under the Convention on the Prevention and Punishment of the Crime of Genocide (Ukraine v. Russian Federation),2021-11-02,-134,PRE_ORDER,SC_MEETING,S/PV.8894,Briefing by the President of the International Court of Justice,https://research.un.org,E1,GENERAL_ICJ_REFERENCE,E1_E4_EXPLICIT_ICJ_TERM_NOT_IN_ORIGINAL_233,RECONSTRUCTED_FROM_V8_SCREEN,YES,YES,NOT_PRESERVED,NOT_RETROACTIVELY_ASSIGNED,RECONSTRUCTED_CANDIDATE_LEDGER_NOT_ORIGINAL_HUMAN_REVIEW_WORKBOOK
ICJ-182-2022-03-16||SC_MEETING::SCM|S/PV.8897,SC_MEETING::SCM|S/PV.8897,ICJ-182-2022-03-16,182,2022-03-16,Allegations of Genocide under the Convention on the Prevention and Punishment of the Crime of Genocide (Ukraine v. Russian Federation),2021-11-05,-131,PRE_ORDER,SC_MEETING,S/PV.8897,Election of a member of the International Court of Justice,https://research.un.org,E1,GENERAL_ICJ_REFERENCE,E1_E4_EXPLICIT_ICJ_TERM_NOT_IN_ORIGINAL_233,RECONSTRUCTED_FROM_V8_SCREEN,YES,YES,NOT_PRESERVED,NOT_RETROACTIVELY_ASSIGNED,RECONSTRUCTED_CANDIDATE_LEDGER_NOT_ORIGINAL_HUMAN_REVIEW_WORKBOOK
ICJ-182-2022-03-16||GA_FORMAL_VOTE::GAV|3950789,GA_FORMAL_VOTE::GAV|3950789,ICJ-182-2022-03-16,182,2022-03-16,Allegations of Genocide under the Convention on the Prevention and Punishment of the Crime of Genocide (Ukraine v. Russian Federation),2021-12-09,-97,PRE_ORDER,GA_FORMAL_VOTE,A/RES/76/70,"Problem of the militarization of the Autonomous Republic of Crimea and the city of Sevastopol, Ukraine, as well as parts of the Black Sea and the Sea of Azov : resolution / adopted by the General Assembly | Prevention of armed conflict. | ARMED CONFLICTS PREVENTION",https://digitallibrary.un.org/record/3950789,E4,APPLICANT_PLUS_DISTINCTIVE_ISSUE,E1_E4_EXPLICIT_ICJ_TERM_NOT_IN_ORIGINAL_233,RECONSTRUCTED_FROM_V8_SCREEN,YES,YES,NOT_PRESERVED,NOT_RETROACTIVELY_ASSIGNED,RECONSTRUCTED_CANDIDATE_LEDGER_NOT_ORIGINAL_HUMAN_REVIEW_WORKBOOK
ICJ-182-2022-03-16||SC_FORMAL_VOTE::SCV|1985,SC_FORMAL_VOTE::SCV|1985,ICJ-182-2022-03-16,182,2022-03-16,Allegations of Genocide under the Convention on the Prevention and Punishment of the Crime of Genocide (Ukraine v. Russian Federation),2022-06-22,98,POST_ORDER,SC_FORMAL_VOTE,S/2022/495,Date of election to fill a vacancy in the ICJ | Date of election to fill a vacancy in the International Court of Justice | S/2022/495 | 2638 (2022),https://api.psdata.un.org/public/data/DPPA-SCVOTES/csv,E1,GENERAL_ICJ_REFERENCE,E1_E4_EXPLICIT_ICJ_TERM_NOT_IN_ORIGINAL_233,RECONSTRUCTED_FROM_V8_SCREEN,YES,YES,NOT_PRESERVED,NOT_RETROACTIVELY_ASSIGNED,RECONSTRUCTED_CANDIDATE_LEDGER_NOT_ORIGINAL_HUMAN_REVIEW_WORKBOOK
ICJ-182-2022-03-16||SC_MEETING::SCM|S/PV.9073,SC_MEETING::SCM|S/PV.9073,ICJ-182-2022-03-16,182,2022-03-16,Allegations of Genocide under the Convention on the Prevention and Punishment of the Crime of Genocide (Ukraine v. Russian Federation),2022-06-22,98,POST_ORDER,SC_MEETING,S/PV.9073,Date of election to fill a vacancy in the International Court of Justice,https://research.un.org,E1,GENERAL_ICJ_REFERENCE,E1_E4_EXPLICIT_ICJ_TERM_NOT_IN_ORIGINAL_233,RECONSTRUCTED_FROM_V8_SCREEN,YES,YES,NOT_PRESERVED,NOT_RETROACTIVELY_ASSIGNED,RECONSTRUCTED_CANDIDATE_LEDGER_NOT_ORIGINAL_HUMAN_REVIEW_WORKBOOK
ICJ-183-2022-05-10||SC_FORMAL_VOTE::SCV|1985,SC_FORMAL_VOTE::SCV|1985,ICJ-183-2022-05-10,183,2022-05-10,Questions of jurisdictional immunities of the State and measures of constraint against State-owned property (Germany v. Italy),2022-06-22,43,POST_ORDER,SC_FORMAL_VOTE,S/2022/495,Date of election to fill a vacancy in the ICJ | Date of election to fill a vacancy in the International Court of Justice | S/2022/495 | 2638 (2022),https://api.psdata.un.org/public/data/DPPA-SCVOTES/csv,E1,GENERAL_ICJ_REFERENCE,E1_E4_EXPLICIT_ICJ_TERM_NOT_IN_ORIGINAL_233,RECONSTRUCTED_FROM_V8_SCREEN,YES,YES,NOT_PRESERVED,NOT_RETROACTIVELY_ASSIGNED,RECONSTRUCTED_CANDIDATE_LEDGER_NOT_ORIGINAL_HUMAN_REVIEW_WORKBOOK
ICJ-183-2022-05-10||SC_MEETING::SCM|S/PV.9073,SC_MEETING::SCM|S/PV.9073,ICJ-183-2022-05-10,183,2022-05-10,Questions of jurisdictional immunities of the State and measures of constraint against State-owned property (Germany v. Italy),2022-06-22,43,POST_ORDER,SC_MEETING,S/PV.9073,Date of election to fill a vacancy in the International Court of Justice,https://research.un.org,E1,GENERAL_ICJ_REFERENCE,E1_E4_EXPLICIT_ICJ_TERM_NOT_IN_ORIGINAL_233,RECONSTRUCTED_FROM_V8_SCREEN,YES,YES,NOT_PRESERVED,NOT_RETROACTIVELY_ASSIGNED,RECONSTRUCTED_CANDIDATE_LEDGER_NOT_ORIGINAL_HUMAN_REVIEW_WORKBOOK
ICJ-183-2022-05-10||SC_MEETING::SCM|S/PV.9166,SC_MEETING::SCM|S/PV.9166,ICJ-183-2022-05-10,183,2022-05-10,Questions of jurisdictional immunities of the State and measures of constraint against State-owned property (Germany v. Italy),2022-10-26,169,POST_ORDER,SC_MEETING,S/PV.9166,Briefing by the President of the International Court of Justice,https://research.un.org,E1,GENERAL_ICJ_REFERENCE,E1_E4_EXPLICIT_ICJ_TERM_NOT_IN_ORIGINAL_233,RECONSTRUCTED_FROM_V8_SCREEN,YES,YES,NOT_PRESERVED,NOT_RETROACTIVELY_ASSIGNED,RECONSTRUCTED_CANDIDATE_LEDGER_NOT_ORIGINAL_HUMAN_REVIEW_WORKBOOK
ICJ-183-2022-05-10||SC_MEETING::SCM|S/PV.9182,SC_MEETING::SCM|S/PV.9182,ICJ-183-2022-05-10,183,2022-05-10,Questions of jurisdictional immunities of the State and measures of constraint against State-owned property (Germany v. Italy),2022-11-04,178,POST_ORDER,SC_MEETING,S/PV.9182,Election of a member of the International Court of Justice,https://research.un.org,E1,GENERAL_ICJ_REFERENCE,E1_E4_EXPLICIT_ICJ_TERM_NOT_IN_ORIGINAL_233,RECONSTRUCTED_FROM_V8_SCREEN,YES,YES,NOT_PRESERVED,NOT_RETROACTIVELY_ASSIGNED,RECONSTRUCTED_CANDIDATE_LEDGER_NOT_ORIGINAL_HUMAN_REVIEW_WORKBOOK
ICJ-184-2022-10-21||SC_FORMAL_VOTE::SCV|1985,SC_FORMAL_VOTE::SCV|1985,ICJ-184-2022-10-21,184,2022-10-21,Request relating to the Return of Property Confiscated in Criminal Proceedings (Equatorial Guinea v. France),2022-06-22,-121,PRE_ORDER,SC_FORMAL_VOTE,S/2022/495,Date of election to fill a vacancy in the ICJ | Date of election to fill a vacancy in the International Court of Justice | S/2022/495 | 2638 (2022),https://api.psdata.un.org/public/data/DPPA-SCVOTES/csv,E1,GENERAL_ICJ_REFERENCE,E1_E4_EXPLICIT_ICJ_TERM_NOT_IN_ORIGINAL_233,RECONSTRUCTED_FROM_V8_SCREEN,YES,YES,NOT_PRESERVED,NOT_RETROACTIVELY_ASSIGNED,RECONSTRUCTED_CANDIDATE_LEDGER_NOT_ORIGINAL_HUMAN_REVIEW_WORKBOOK
ICJ-184-2022-10-21||SC_MEETING::SCM|S/PV.9073,SC_MEETING::SCM|S/PV.9073,ICJ-184-2022-10-21,184,2022-10-21,Request relating to the Return of Property Confiscated in Criminal Proceedings (Equatorial Guinea v. France),2022-06-22,-121,PRE_ORDER,SC_MEETING,S/PV.9073,Date of election to fill a vacancy in the International Court of Justice,https://research.un.org,E1,GENERAL_ICJ_REFERENCE,E1_E4_EXPLICIT_ICJ_TERM_NOT_IN_ORIGINAL_233,RECONSTRUCTED_FROM_V8_SCREEN,YES,YES,NOT_PRESERVED,NOT_RETROACTIVELY_ASSIGNED,RECONSTRUCTED_CANDIDATE_LEDGER_NOT_ORIGINAL_HUMAN_REVIEW_WORKBOOK
ICJ-184-2022-10-21||SC_MEETING::SCM|S/PV.9166,SC_MEETING::SCM|S/PV.9166,ICJ-184-2022-10-21,184,2022-10-21,Request relating to the Return of Property Confiscated in Criminal Proceedings (Equatorial Guinea v. France),2022-10-26,5,POST_ORDER,SC_MEETING,S/PV.9166,Briefing by the President of the International Court of Justice,https://research.un.org,E1,GENERAL_ICJ_REFERENCE,E1_E4_EXPLICIT_ICJ_TERM_NOT_IN_ORIGINAL_233,RECONSTRUCTED_FROM_V8_SCREEN,YES,YES,NOT_PRESERVED,NOT_RETROACTIVELY_ASSIGNED,RECONSTRUCTED_CANDIDATE_LEDGER_NOT_ORIGINAL_HUMAN_REVIEW_WORKBOOK
ICJ-184-2022-10-21||SC_MEETING::SCM|S/PV.9182,SC_MEETING::SCM|S/PV.9182,ICJ-184-2022-10-21,184,2022-10-21,Request relating to the Return of Property Confiscated in Criminal Proceedings (Equatorial Guinea v. France),2022-11-04,14,POST_ORDER,SC_MEETING,S/PV.9182,Election of a member of the International Court of Justice,https://research.un.org,E1,GENERAL_ICJ_REFERENCE,E1_E4_EXPLICIT_ICJ_TERM_NOT_IN_ORIGINAL_233,RECONSTRUCTED_FROM_V8_SCREEN,YES,YES,NOT_PRESERVED,NOT_RETROACTIVELY_ASSIGNED,RECONSTRUCTED_CANDIDATE_LEDGER_NOT_ORIGINAL_HUMAN_REVIEW_WORKBOOK
ICJ-184-2025-09-12||SC_MEETING::SCM|S/PV.9922,SC_MEETING::SCM|S/PV.9922,ICJ-184-2025-09-12,184,2025-09-12,Request relating to the Return of Property Confiscated in Criminal Proceedings (Equatorial Guinea v. France),2025-05-27,-108,PRE_ORDER,SC_MEETING,S/PV.9922,Election of a member of the International Court of Justice | SC/16071,https://www.un.org/press/en/2025/sc16071.doc.htm,E1,GENERAL_ICJ_REFERENCE,E1_E4_EXPLICIT_ICJ_TERM_NOT_IN_ORIGINAL_233,RECONSTRUCTED_FROM_V8_SCREEN,YES,YES,NOT_PRESERVED,NOT_RETROACTIVELY_ASSIGNED,RECONSTRUCTED_CANDIDATE_LEDGER_NOT_ORIGINAL_HUMAN_REVIEW_WORKBOOK
ICJ-184-2025-09-12||SC_FORMAL_VOTE::SCV|2153,SC_FORMAL_VOTE::SCV|2153,ICJ-184-2025-09-12,184,2025-09-12,Request relating to the Return of Property Confiscated in Criminal Proceedings (Equatorial Guinea v. France),2025-07-02,-72,PRE_ORDER,SC_FORMAL_VOTE,S/2025/435,Date of election to fill a vacancy in the ICJ | Date of election to fill a vacancy in the International Court of Justice | S/2025/435 | 2784 (2025),https://api.psdata.un.org/public/data/DPPA-SCVOTES/csv,E1,GENERAL_ICJ_REFERENCE,E1_E4_EXPLICIT_ICJ_TERM_NOT_IN_ORIGINAL_233,RECONSTRUCTED_FROM_V8_SCREEN,YES,YES,NOT_PRESERVED,NOT_RETROACTIVELY_ASSIGNED,RECONSTRUCTED_CANDIDATE_LEDGER_NOT_ORIGINAL_HUMAN_REVIEW_WORKBOOK
ICJ-184-2025-09-12||SC_MEETING::SCM|S/PV.9952,SC_MEETING::SCM|S/PV.9952,ICJ-184-2025-09-12,184,2025-09-12,Request relating to the Return of Property Confiscated in Criminal Proceedings (Equatorial Guinea v. France),2025-07-02,-72,PRE_ORDER,SC_MEETING,S/PV.9952,Date of election to fill a vacancy in the International Court of Justice | SC/16110,https://www.un.org/press/en/2025/sc16110.doc.htm,E1,GENERAL_ICJ_REFERENCE,E1_E4_EXPLICIT_ICJ_TERM_NOT_IN_ORIGINAL_233,RECONSTRUCTED_FROM_V8_SCREEN,YES,YES,NOT_PRESERVED,NOT_RETROACTIVELY_ASSIGNED,RECONSTRUCTED_CANDIDATE_LEDGER_NOT_ORIGINAL_HUMAN_REVIEW_WORKBOOK
ICJ-184-2025-09-12||SC_MEETING::SCM|S/PV.10026,SC_MEETING::SCM|S/PV.10026,ICJ-184-2025-09-12,184,2025-09-12,Request relating to the Return of Property Confiscated in Criminal Proceedings (Equatorial Guinea v. France),2025-10-29,47,POST_ORDER,SC_MEETING,S/PV.10026,Briefing by the President of the International Court of Justice,https://docs.un.org/S/PV.10026,E1,GENERAL_ICJ_REFERENCE,E1_E4_EXPLICIT_ICJ_TERM_NOT_IN_ORIGINAL_233,RECONSTRUCTED_FROM_V8_SCREEN,YES,YES,NOT_PRESERVED,NOT_RETROACTIVELY_ASSIGNED,RECONSTRUCTED_CANDIDATE_LEDGER_NOT_ORIGINAL_HUMAN_REVIEW_WORKBOOK
ICJ-184-2025-09-12||SC_MEETING::SCM|S/PV.10039,SC_MEETING::SCM|S/PV.10039,ICJ-184-2025-09-12,184,2025-09-12,Request relating to the Return of Property Confiscated in Criminal Proceedings (Equatorial Guinea v. France),2025-11-12,61,POST_ORDER,SC_MEETING,S/PV.10039,Election of a member of the International Court of Justice | SC/16218,https://www.un.org/press/en/2025/sc16218.doc.htm,E1,GENERAL_ICJ_REFERENCE,E1_E4_EXPLICIT_ICJ_TERM_NOT_IN_ORIGINAL_233,RECONSTRUCTED_FROM_V8_SCREEN,YES,YES,NOT_PRESERVED,NOT_RETROACTIVELY_ASSIGNED,RECONSTRUCTED_CANDIDATE_LEDGER_NOT_ORIGINAL_HUMAN_REVIEW_WORKBOOK
ICJ-184-2025-09-12||SC_MEETING::SCM|S/PV.10040,SC_MEETING::SCM|S/PV.10040,ICJ-184-2025-09-12,184,2025-09-12,Request relating to the Return of Property Confiscated in Criminal Proceedings (Equatorial Guinea v. France),2025-11-12,61,POST_ORDER,SC_MEETING,S/PV.10040,Election of a member of the International Court of Justice | SC/16218,https://www.un.org/press/en/2025/sc16218.doc.htm,E1,GENERAL_ICJ_REFERENCE,E1_E4_EXPLICIT_ICJ_TERM_NOT_IN_ORIGINAL_233,RECONSTRUCTED_FROM_V8_SCREEN,YES,YES,NOT_PRESERVED,NOT_RETROACTIVELY_ASSIGNED,RECONSTRUCTED_CANDIDATE_LEDGER_NOT_ORIGINAL_HUMAN_REVIEW_WORKBOOK
ICJ-188-2023-11-16||SC_MEETING::SCM|S/PV.9456,SC_MEETING::SCM|S/PV.9456,ICJ-188-2023-11-16,188,2023-11-16,"Application of the Convention against Torture and Other Cruel, Inhuman or Degrading Treatment or Punishment (Canada and Netherlands v. Syrian Arab Republic)",2023-10-27,-20,PRE_ORDER,SC_MEETING,S/PV.9456,Briefing by the President of the International Court of Justice,https://docs.un.org/S/PV.9456,E1,GENERAL_ICJ_REFERENCE,E1_E4_EXPLICIT_ICJ_TERM_NOT_IN_ORIGINAL_233,RECONSTRUCTED_FROM_V8_SCREEN,YES,YES,NOT_PRESERVED,NOT_RETROACTIVELY_ASSIGNED,RECONSTRUCTED_CANDIDATE_LEDGER_NOT_ORIGINAL_HUMAN_REVIEW_WORKBOOK
ICJ-188-2023-11-16||SC_MEETING::SCM|S/PV.9471,SC_MEETING::SCM|S/PV.9471,ICJ-188-2023-11-16,188,2023-11-16,"Application of the Convention against Torture and Other Cruel, Inhuman or Degrading Treatment or Punishment (Canada and Netherlands v. Syrian Arab Republic)",2023-11-09,-7,PRE_ORDER,SC_MEETING,S/PV.9471,Election of 5 members of the International Court of Justice,https://docs.un.org/S/PV.9471,E1,GENERAL_ICJ_REFERENCE,E1_E4_EXPLICIT_ICJ_TERM_NOT_IN_ORIGINAL_233,RECONSTRUCTED_FROM_V8_SCREEN,YES,YES,NOT_PRESERVED,NOT_RETROACTIVELY_ASSIGNED,RECONSTRUCTED_CANDIDATE_LEDGER_NOT_ORIGINAL_HUMAN_REVIEW_WORKBOOK
ICJ-192-2024-01-26||SC_MEETING::SCM|S/PV.9456,SC_MEETING::SCM|S/PV.9456,ICJ-192-2024-01-26,192,2024-01-26,Application of the Convention on the Prevention and Punishment of the Crime of Genocide in the Gaza Strip (South Africa v. Israel),2023-10-27,-91,PRE_ORDER,SC_MEETING,S/PV.9456,Briefing by the President of the International Court of Justice,https://docs.un.org/S/PV.9456,E1,GENERAL_ICJ_REFERENCE,E1_E4_EXPLICIT_ICJ_TERM_NOT_IN_ORIGINAL_233,RECONSTRUCTED_FROM_V8_SCREEN,YES,YES,NOT_PRESERVED,NOT_RETROACTIVELY_ASSIGNED,RECONSTRUCTED_CANDIDATE_LEDGER_NOT_ORIGINAL_HUMAN_REVIEW_WORKBOOK
ICJ-192-2024-01-26||SC_MEETING::SCM|S/PV.9471,SC_MEETING::SCM|S/PV.9471,ICJ-192-2024-01-26,192,2024-01-26,Application of the Convention on the Prevention and Punishment of the Crime of Genocide in the Gaza Strip (South Africa v. Israel),2023-11-09,-78,PRE_ORDER,SC_MEETING,S/PV.9471,Election of 5 members of the International Court of Justice,https://docs.un.org/S/PV.9471,E1,GENERAL_ICJ_REFERENCE,E1_E4_EXPLICIT_ICJ_TERM_NOT_IN_ORIGINAL_233,RECONSTRUCTED_FROM_V8_SCREEN,YES,YES,NOT_PRESERVED,NOT_RETROACTIVELY_ASSIGNED,RECONSTRUCTED_CANDIDATE_LEDGER_NOT_ORIGINAL_HUMAN_REVIEW_WORKBOOK
ICJ-192-2024-03-28||SC_MEETING::SCM|S/PV.9456,SC_MEETING::SCM|S/PV.9456,ICJ-192-2024-03-28,192,2024-03-28,Application of the Convention on the Prevention and Punishment of the Crime of Genocide in the Gaza Strip (South Africa v. Israel),2023-10-27,-153,PRE_ORDER,SC_MEETING,S/PV.9456,Briefing by the President of the International Court of Justice,https://docs.un.org/S/PV.9456,E1,GENERAL_ICJ_REFERENCE,E1_E4_EXPLICIT_ICJ_TERM_NOT_IN_ORIGINAL_233,RECONSTRUCTED_FROM_V8_SCREEN,YES,YES,NOT_PRESERVED,NOT_RETROACTIVELY_ASSIGNED,RECONSTRUCTED_CANDIDATE_LEDGER_NOT_ORIGINAL_HUMAN_REVIEW_WORKBOOK
ICJ-192-2024-03-28||SC_MEETING::SCM|S/PV.9471,SC_MEETING::SCM|S/PV.9471,ICJ-192-2024-03-28,192,2024-03-28,Application of the Convention on the Prevention and Punishment of the Crime of Genocide in the Gaza Strip (South Africa v. Israel),2023-11-09,-140,PRE_ORDER,SC_MEETING,S/PV.9471,Election of 5 members of the International Court of Justice,https://docs.un.org/S/PV.9471,E1,GENERAL_ICJ_REFERENCE,E1_E4_EXPLICIT_ICJ_TERM_NOT_IN_ORIGINAL_233,RECONSTRUCTED_FROM_V8_SCREEN,YES,YES,NOT_PRESERVED,NOT_RETROACTIVELY_ASSIGNED,RECONSTRUCTED_CANDIDATE_LEDGER_NOT_ORIGINAL_HUMAN_REVIEW_WORKBOOK
ICJ-192-2024-05-24||SC_MEETING::SCM|S/PV.9756,SC_MEETING::SCM|S/PV.9756,ICJ-192-2024-05-24,192,2024-05-24,Application of the Convention on the Prevention and Punishment of the Crime of Genocide in the Gaza Strip (South Africa v. Israel),2024-10-22,151,POST_ORDER,SC_MEETING,S/PV.9756,Briefing by the President of the International Court of Justice,https://docs.un.org/S/PV.9756,E1,GENERAL_ICJ_REFERENCE,E1_E4_EXPLICIT_ICJ_TERM_NOT_IN_ORIGINAL_233,RECONSTRUCTED_FROM_V8_SCREEN,YES,YES,NOT_PRESERVED,NOT_RETROACTIVELY_ASSIGNED,RECONSTRUCTED_CANDIDATE_LEDGER_NOT_ORIGINAL_HUMAN_REVIEW_WORKBOOK
ICJ-193-2024-04-30||SC_MEETING::SCM|S/PV.9471,SC_MEETING::SCM|S/PV.9471,ICJ-193-2024-04-30,193,2024-04-30,Alleged Breaches of Certain International Obligations in respect of the Occupied Palestinian Territory (Nicaragua v. Germany),2023-11-09,-173,PRE_ORDER,SC_MEETING,S/PV.9471,Election of 5 members of the International Court of Justice,https://docs.un.org/S/PV.9471,E1,GENERAL_ICJ_REFERENCE,E1_E4_EXPLICIT_ICJ_TERM_NOT_IN_ORIGINAL_233,RECONSTRUCTED_FROM_V8_SCREEN,YES,YES,NOT_PRESERVED,NOT_RETROACTIVELY_ASSIGNED,RECONSTRUCTED_CANDIDATE_LEDGER_NOT_ORIGINAL_HUMAN_REVIEW_WORKBOOK
ICJ-193-2024-04-30||SC_MEETING::SCM|S/PV.9756,SC_MEETING::SCM|S/PV.9756,ICJ-193-2024-04-30,193,2024-04-30,Alleged Breaches of Certain International Obligations in respect of the Occupied Palestinian Territory (Nicaragua v. Germany),2024-10-22,175,POST_ORDER,SC_MEETING,S/PV.9756,Briefing by the President of the International Court of Justice,https://docs.un.org/S/PV.9756,E1,GENERAL_ICJ_REFERENCE,E1_E4_EXPLICIT_ICJ_TERM_NOT_IN_ORIGINAL_233,RECONSTRUCTED_FROM_V8_SCREEN,YES,YES,NOT_PRESERVED,NOT_RETROACTIVELY_ASSIGNED,RECONSTRUCTED_CANDIDATE_LEDGER_NOT_ORIGINAL_HUMAN_REVIEW_WORKBOOK
ICJ-194-2024-05-23||SC_MEETING::SCM|S/PV.9756,SC_MEETING::SCM|S/PV.9756,ICJ-194-2024-05-23,194,2024-05-23,Embassy of Mexico in Quito (Mexico v. Ecuador),2024-10-22,152,POST_ORDER,SC_MEETING,S/PV.9756,Briefing by the President of the International Court of Justice,https://docs.un.org/S/PV.9756,E1,GENERAL_ICJ_REFERENCE,E1_E4_EXPLICIT_ICJ_TERM_NOT_IN_ORIGINAL_233,RECONSTRUCTED_FROM_V8_SCREEN,YES,YES,NOT_PRESERVED,NOT_RETROACTIVELY_ASSIGNED,RECONSTRUCTED_CANDIDATE_LEDGER_NOT_ORIGINAL_HUMAN_REVIEW_WORKBOOK
ICJ-197-2025-05-05||SC_FORMAL_VOTE::SCV|2138,SC_FORMAL_VOTE::SCV|2138,ICJ-197-2025-05-05,197,2025-05-05,Application of the Convention on the Prevention and Punishment of the Crime of Genocide in Sudan (Sudan v. United Arab Emirates),2025-01-24,-101,PRE_ORDER,SC_FORMAL_VOTE,S/2025/48,Date of election to fill a vacancy in the ICJ | Date of election to fill a vacancy in the International Court of Justice | S/2025/48 | 2770 (2025),https://api.psdata.un.org/public/data/DPPA-SCVOTES/csv,E1,GENERAL_ICJ_REFERENCE,E1_E4_EXPLICIT_ICJ_TERM_NOT_IN_ORIGINAL_233,RECONSTRUCTED_FROM_V8_SCREEN,YES,YES,NOT_PRESERVED,NOT_RETROACTIVELY_ASSIGNED,RECONSTRUCTED_CANDIDATE_LEDGER_NOT_ORIGINAL_HUMAN_REVIEW_WORKBOOK
ICJ-197-2025-05-05||SC_MEETING::SCM|S/PV.9847,SC_MEETING::SCM|S/PV.9847,ICJ-197-2025-05-05,197,2025-05-05,Application of the Convention on the Prevention and Punishment of the Crime of Genocide in Sudan (Sudan v. United Arab Emirates),2025-01-24,-101,PRE_ORDER,SC_MEETING,S/PV.9847,Date of election to fill a vacancy in the International Court of Justice | SC/15976,https://press.un.org/en/2025/sc15976.doc.htm,E1,GENERAL_ICJ_REFERENCE,E1_E4_EXPLICIT_ICJ_TERM_NOT_IN_ORIGINAL_233,RECONSTRUCTED_FROM_V8_SCREEN,YES,YES,NOT_PRESERVED,NOT_RETROACTIVELY_ASSIGNED,RECONSTRUCTED_CANDIDATE_LEDGER_NOT_ORIGINAL_HUMAN_REVIEW_WORKBOOK
ICJ-197-2025-05-05||SC_MEETING::SCM|S/PV.9922,SC_MEETING::SCM|S/PV.9922,ICJ-197-2025-05-05,197,2025-05-05,Application of the Convention on the Prevention and Punishment of the Crime of Genocide in Sudan (Sudan v. United Arab Emirates),2025-05-27,22,POST_ORDER,SC_MEETING,S/PV.9922,Election of a member of the International Court of Justice | SC/16071,https://www.un.org/press/en/2025/sc16071.doc.htm,E1,GENERAL_ICJ_REFERENCE,E1_E4_EXPLICIT_ICJ_TERM_NOT_IN_ORIGINAL_233,RECONSTRUCTED_FROM_V8_SCREEN,YES,YES,NOT_PRESERVED,NOT_RETROACTIVELY_ASSIGNED,RECONSTRUCTED_CANDIDATE_LEDGER_NOT_ORIGINAL_HUMAN_REVIEW_WORKBOOK
ICJ-197-2025-05-05||SC_FORMAL_VOTE::SCV|2153,SC_FORMAL_VOTE::SCV|2153,ICJ-197-2025-05-05,197,2025-05-05,Application of the Convention on the Prevention and Punishment of the Crime of Genocide in Sudan (Sudan v. United Arab Emirates),2025-07-02,58,POST_ORDER,SC_FORMAL_VOTE,S/2025/435,Date of election to fill a vacancy in the ICJ | Date of election to fill a vacancy in the International Court of Justice | S/2025/435 | 2784 (2025),https://api.psdata.un.org/public/data/DPPA-SCVOTES/csv,E1,GENERAL_ICJ_REFERENCE,E1_E4_EXPLICIT_ICJ_TERM_NOT_IN_ORIGINAL_233,RECONSTRUCTED_FROM_V8_SCREEN,YES,YES,NOT_PRESERVED,NOT_RETROACTIVELY_ASSIGNED,RECONSTRUCTED_CANDIDATE_LEDGER_NOT_ORIGINAL_HUMAN_REVIEW_WORKBOOK
ICJ-197-2025-05-05||SC_MEETING::SCM|S/PV.9952,SC_MEETING::SCM|S/PV.9952,ICJ-197-2025-05-05,197,2025-05-05,Application of the Convention on the Prevention and Punishment of the Crime of Genocide in Sudan (Sudan v. United Arab Emirates),2025-07-02,58,POST_ORDER,SC_MEETING,S/PV.9952,Date of election to fill a vacancy in the International Court of Justice | SC/16110,https://www.un.org/press/en/2025/sc16110.doc.htm,E1,GENERAL_ICJ_REFERENCE,E1_E4_EXPLICIT_ICJ_TERM_NOT_IN_ORIGINAL_233,RECONSTRUCTED_FROM_V8_SCREEN,YES,YES,NOT_PRESERVED,NOT_RETROACTIVELY_ASSIGNED,RECONSTRUCTED_CANDIDATE_LEDGER_NOT_ORIGINAL_HUMAN_REVIEW_WORKBOOK
ICJ-197-2025-05-05||SC_MEETING::SCM|S/PV.10026,SC_MEETING::SCM|S/PV.10026,ICJ-197-2025-05-05,197,2025-05-05,Application of the Convention on the Prevention and Punishment of the Crime of Genocide in Sudan (Sudan v. United Arab Emirates),2025-10-29,177,POST_ORDER,SC_MEETING,S/PV.10026,Briefing by the President of the International Court of Justice,https://docs.un.org/S/PV.10026,E1,GENERAL_ICJ_REFERENCE,E1_E4_EXPLICIT_ICJ_TERM_NOT_IN_ORIGINAL_233,RECONSTRUCTED_FROM_V8_SCREEN,YES,YES,NOT_PRESERVED,NOT_RETROACTIVELY_ASSIGNED,RECONSTRUCTED_CANDIDATE_LEDGER_NOT_ORIGINAL_HUMAN_REVIEW_WORKBOOK
