order_id,case_number,order_date,case_title,postorder_0_180_eligible_pairs,original_233_reviewed_pairs,recall_audit_candidate_pairs_reconstructed,union_pairs_with_review_evidence,original_233_coverage_pct,union_review_evidence_coverage_pct,zero_original_233_review_flag,zero_union_review_evidence_flag,interpretation_warning
ICJ-128-2003-02-05,128,2003-02-05,Avena and Other Mexican Nationals (Mexico v. United States of America),154,0,0,0,0.00,0.00,1,1,ZERO_ENGAGEMENT_IS_NOT_EQUIVALENT_TO_EXHAUSTIVE_REVIEW_OF_ALL_ELIGIBLE_PAIRS
ICJ-139-2008-07-16,139,2008-07-16,Request for Interpretation of the Judgment of 31 March 2004 in the Case concerning Avena and Other Mexican Nationals (Mexico v. United States of America) (Mexico v. United States of America),250,0,3,3,0.00,1.20,1,0,ZERO_ENGAGEMENT_IS_NOT_EQUIVALENT_TO_EXHAUSTIVE_REVIEW_OF_ALL_ELIGIBLE_PAIRS
ICJ-140-2008-10-15,140,2008-10-15,Application of the International Convention on the Elimination of All Forms of Racial Discrimination (Georgia v. Russian Federation),222,2,3,5,0.90,2.25,0,0,ZERO_ENGAGEMENT_IS_NOT_EQUIVALENT_TO_EXHAUSTIVE_REVIEW_OF_ALL_ELIGIBLE_PAIRS
ICJ-150-2011-03-08,150,2011-03-08,Certain Activities Carried Out by Nicaragua in the Border Area (Costa Rica v. Nicaragua),159,0,0,0,0.00,0.00,1,1,ZERO_ENGAGEMENT_IS_NOT_EQUIVALENT_TO_EXHAUSTIVE_REVIEW_OF_ALL_ELIGIBLE_PAIRS
ICJ-151-2011-07-18,151,2011-07-18,Request for Interpretation of the Judgment of 15 June 1962 in the Case concerning the Temple of Preah Vihear (Cambodia v. Thailand) (Cambodia v. Thailand),227,0,10,10,0.00,4.41,1,0,ZERO_ENGAGEMENT_IS_NOT_EQUIVALENT_TO_EXHAUSTIVE_REVIEW_OF_ALL_ELIGIBLE_PAIRS
ICJ-150-2013-11-22,150,2013-11-22,Certain Activities Carried Out by Nicaragua in the Border Area (Costa Rica v. Nicaragua),206,0,0,0,0.00,0.00,1,1,ZERO_ENGAGEMENT_IS_NOT_EQUIVALENT_TO_EXHAUSTIVE_REVIEW_OF_ALL_ELIGIBLE_PAIRS
ICJ-156-2014-03-03,156,2014-03-03,Questions relating to the Seizure and Detention of Certain Documents and Data (Timor-Leste v. Australia),174,0,0,0,0.00,0.00,1,1,ZERO_ENGAGEMENT_IS_NOT_EQUIVALENT_TO_EXHAUSTIVE_REVIEW_OF_ALL_ELIGIBLE_PAIRS
ICJ-156-2015-04-22,156,2015-04-22,Questions relating to the Seizure and Detention of Certain Documents and Data (Timor-Leste v. Australia),143,0,0,0,0.00,0.00,1,1,ZERO_ENGAGEMENT_IS_NOT_EQUIVALENT_TO_EXHAUSTIVE_REVIEW_OF_ALL_ELIGIBLE_PAIRS
ICJ-163-2016-12-07,163,2016-12-07,Immunities and Criminal Proceedings (Equatorial Guinea v. France),196,0,0,0,0.00,0.00,1,1,ZERO_ENGAGEMENT_IS_NOT_EQUIVALENT_TO_EXHAUSTIVE_REVIEW_OF_ALL_ELIGIBLE_PAIRS
ICJ-166-2017-04-19,166,2017-04-19,Application of the International Convention for the Suppression of the Financing of Terrorism and of the International Convention on the Elimination of All Forms of Racial Discrimination (Ukraine v. Russian Federation),181,0,0,0,0.00,0.00,1,1,ZERO_ENGAGEMENT_IS_NOT_EQUIVALENT_TO_EXHAUSTIVE_REVIEW_OF_ALL_ELIGIBLE_PAIRS
ICJ-168-2017-05-18,168,2017-05-18,Jadhav (India v. Pakistan),201,0,9,9,0.00,4.48,1,0,ZERO_ENGAGEMENT_IS_NOT_EQUIVALENT_TO_EXHAUSTIVE_REVIEW_OF_ALL_ELIGIBLE_PAIRS
ICJ-172-2018-07-23,172,2018-07-23,Application of the International Convention on the Elimination of All Forms of Racial Discrimination (Qatar v. United Arab Emirates),260,0,2,2,0.00,0.77,1,0,ZERO_ENGAGEMENT_IS_NOT_EQUIVALENT_TO_EXHAUSTIVE_REVIEW_OF_ALL_ELIGIBLE_PAIRS
ICJ-178-2020-01-23,178,2020-01-23,Application of the Convention on the Prevention and Punishment of the Crime of Genocide (The Gambia v. Myanmar: 11 States intervening),79,0,0,0,0.00,0.00,1,1,ZERO_ENGAGEMENT_IS_NOT_EQUIVALENT_TO_EXHAUSTIVE_REVIEW_OF_ALL_ELIGIBLE_PAIRS
ICJ-180-2021-12-07,180,2021-12-07,Application of the International Convention on the Elimination of All Forms of Racial Discrimination (Armenia v. Azerbaijan),228,12,0,12,5.26,5.26,0,0,ZERO_ENGAGEMENT_IS_NOT_EQUIVALENT_TO_EXHAUSTIVE_REVIEW_OF_ALL_ELIGIBLE_PAIRS
ICJ-181-2021-12-07,181,2021-12-07,Application of the International Convention on the Elimination of All Forms of Racial Discrimination (Azerbaijan v. Armenia),228,12,0,12,5.26,5.26,0,0,ZERO_ENGAGEMENT_IS_NOT_EQUIVALENT_TO_EXHAUSTIVE_REVIEW_OF_ALL_ELIGIBLE_PAIRS
ICJ-182-2022-03-16,182,2022-03-16,Allegations of Genocide under the Convention on the Prevention and Punishment of the Crime of Genocide (Ukraine v. Russian Federation),177,1,2,3,0.56,1.69,0,0,ZERO_ENGAGEMENT_IS_NOT_EQUIVALENT_TO_EXHAUSTIVE_REVIEW_OF_ALL_ELIGIBLE_PAIRS
ICJ-180-2023-02-22,180,2023-02-22,Application of the International Convention on the Elimination of All Forms of Racial Discrimination (Armenia v. Azerbaijan),174,10,0,10,5.75,5.75,0,0,ZERO_ENGAGEMENT_IS_NOT_EQUIVALENT_TO_EXHAUSTIVE_REVIEW_OF_ALL_ELIGIBLE_PAIRS
ICJ-188-2023-11-16,188,2023-11-16,"Application of the Convention against Torture and Other Cruel, Inhuman or Degrading Treatment or Punishment (Canada and Netherlands v. Syrian Arab Republic)",267,45,0,45,16.85,16.85,0,0,ZERO_ENGAGEMENT_IS_NOT_EQUIVALENT_TO_EXHAUSTIVE_REVIEW_OF_ALL_ELIGIBLE_PAIRS
ICJ-180-2023-11-17,180,2023-11-17,Application of the International Convention on the Elimination of All Forms of Racial Discrimination (Armenia v. Azerbaijan),267,14,0,14,5.24,5.24,0,0,ZERO_ENGAGEMENT_IS_NOT_EQUIVALENT_TO_EXHAUSTIVE_REVIEW_OF_ALL_ELIGIBLE_PAIRS
ICJ-171-2023-12-01,171,2023-12-01,Arbitral Award of 3 October 1899 (Guyana v. Venezuela),273,15,0,15,5.49,5.49,0,0,ZERO_ENGAGEMENT_IS_NOT_EQUIVALENT_TO_EXHAUSTIVE_REVIEW_OF_ALL_ELIGIBLE_PAIRS
ICJ-192-2024-01-26,192,2024-01-26,Application of the Convention on the Prevention and Punishment of the Crime of Genocide in the Gaza Strip (South Africa v. Israel),211,25,0,25,11.85,11.85,0,0,ZERO_ENGAGEMENT_IS_NOT_EQUIVALENT_TO_EXHAUSTIVE_REVIEW_OF_ALL_ELIGIBLE_PAIRS
ICJ-192-2024-03-28,192,2024-03-28,Application of the Convention on the Prevention and Punishment of the Crime of Genocide in the Gaza Strip (South Africa v. Israel),193,24,0,24,12.44,12.44,0,0,ZERO_ENGAGEMENT_IS_NOT_EQUIVALENT_TO_EXHAUSTIVE_REVIEW_OF_ALL_ELIGIBLE_PAIRS
ICJ-192-2024-05-24,192,2024-05-24,Application of the Convention on the Prevention and Punishment of the Crime of Genocide in the Gaza Strip (South Africa v. Israel),216,25,1,26,11.57,12.04,0,0,ZERO_ENGAGEMENT_IS_NOT_EQUIVALENT_TO_EXHAUSTIVE_REVIEW_OF_ALL_ELIGIBLE_PAIRS
ICJ-171-2025-05-01,171,2025-05-01,Arbitral Award of 3 October 1899 (Guyana v. Venezuela),182,24,3,27,13.19,14.84,0,0,ZERO_ENGAGEMENT_IS_NOT_EQUIVALENT_TO_EXHAUSTIVE_REVIEW_OF_ALL_ELIGIBLE_PAIRS
