stage6_event_key,document_symbol,official_source_url,official_domain,source_organization,source_type,archive_pdf_filename,document_sha256,pdf_bytes,pdf_signature_valid,official_domain_valid,source_verification_status,analysis_eligible_source
SC_FORMAL_VOTE::SCV|1166,S/PV.6082,https://documents.un.org/api/symbol/access?s=S%2FPV.6082&l=en&t=pdf,documents.un.org,United Nations,OFFICIAL_FULLTEXT_PDF,S_PV.6082.pdf,991aa55b51db33a2158e0c1efead29abb1d8addd158b8c5534450da5ce093714,73158,1,1,VERIFIED_OFFICIAL_PDF,1
SC_MEETING::SCM|S/PV.6082,S/PV.6082,https://documents.un.org/api/symbol/access?s=S%2FPV.6082&l=en&t=pdf,documents.un.org,United Nations,OFFICIAL_FULLTEXT_PDF,S_PV.6082.pdf,991aa55b51db33a2158e0c1efead29abb1d8addd158b8c5534450da5ce093714,73158,1,1,VERIFIED_OFFICIAL_PDF,1
SC_MEETING::SCM|S/PV.8923,S/PV.8923,https://documents.un.org/api/symbol/access?s=S%2FPV.8923&l=en&t=pdf,documents.un.org,United Nations,OFFICIAL_FULLTEXT_PDF,S_PV.8923.pdf,7714d361642b047e184a06cd742bcc9ec896565c7d2e06902a06863e398bd31d,720547,1,1,VERIFIED_OFFICIAL_PDF,1
SC_MEETING::SCM|S/PV.8923 (Resumption 1),S/PV.8923 (RESUMPTION 1),https://documents.un.org/api/symbol/access?s=S%2FPV.8923%20%28RESUMPTION%201%29&l=en&t=pdf,documents.un.org,United Nations,OFFICIAL_FULLTEXT_PDF,S_PV.8923_RESUMPTION_1.pdf,5084bc473ce3661fb78392b88690514b3e029d99a372b44c6a6814474ce6baeb,554507,1,1,VERIFIED_OFFICIAL_PDF,1
SC_FORMAL_VOTE::SCV|1952,S/PV.8926,https://documents.un.org/api/symbol/access?s=S%2FPV.8926&l=en&t=pdf,documents.un.org,United Nations,OFFICIAL_FULLTEXT_PDF,S_PV.8926.pdf,ab7ab3ec83b1eaf218dde7818b3c0752bbaa608ccf97a6bc1ec33ab9524f1684,354133,1,1,VERIFIED_OFFICIAL_PDF,1
SC_MEETING::SCM|S/PV.8926,S/PV.8926,https://documents.un.org/api/symbol/access?s=S%2FPV.8926&l=en&t=pdf,documents.un.org,United Nations,OFFICIAL_FULLTEXT_PDF,S_PV.8926.pdf,ab7ab3ec83b1eaf218dde7818b3c0752bbaa608ccf97a6bc1ec33ab9524f1684,354133,1,1,VERIFIED_OFFICIAL_PDF,1
SC_FORMAL_VOTE::SCV|1960,S/PV.8942,https://documents.un.org/api/symbol/access?s=S%2FPV.8942&l=en&t=pdf,documents.un.org,United Nations,OFFICIAL_FULLTEXT_PDF,S_PV.8942.pdf,f5f1c37f447f52036bec756cc81a9c66ee96b8810c9ec76247d98483ae15f5ef,472780,1,1,VERIFIED_OFFICIAL_PDF,1
SC_MEETING::SCM|S/PV.8942,S/PV.8942,https://documents.un.org/api/symbol/access?s=S%2FPV.8942&l=en&t=pdf,documents.un.org,United Nations,OFFICIAL_FULLTEXT_PDF,S_PV.8942.pdf,f5f1c37f447f52036bec756cc81a9c66ee96b8810c9ec76247d98483ae15f5ef,472780,1,1,VERIFIED_OFFICIAL_PDF,1
GA_FORMAL_VOTE::GAV|3967778,A/ES-11/PV.10,https://documents.un.org/api/symbol/access?s=A%2FES-11%2FPV.10&l=en&t=pdf,documents.un.org,United Nations,OFFICIAL_FULLTEXT_PDF,A_ES-11_PV.10.pdf,43115703ce44c99e36cc6fed2e5463f7866c8603abc1725de065c6f38a179e5f,554986,1,1,VERIFIED_OFFICIAL_PDF,1
SC_MEETING::SCM|S/PV.9014,S/PV.9014,https://documents.un.org/api/symbol/access?s=S%2FPV.9014&l=en&t=pdf,documents.un.org,United Nations,OFFICIAL_FULLTEXT_PDF,S_PV.9014.pdf,603f1c16ec80a23eb572e5ae64273283ca7e77abfe68993a296c541a0a96e39f,487931,1,1,VERIFIED_OFFICIAL_PDF,1
SC_MEETING::SCM|S/PV.9036,S/PV.9036,https://documents.un.org/api/symbol/access?s=S%2FPV.9036&l=en&t=pdf,documents.un.org,United Nations,OFFICIAL_FULLTEXT_PDF,S_PV.9036.pdf,c6324cd2a3ce11085cdcf87694fbc282aa8f070bfb94f997573f1e96a60be9f6,610562,1,1,VERIFIED_OFFICIAL_PDF,1
SC_MEETING::SCM|S/PV.9036 (Resumption 1),S/PV.9036 (RESUMPTION 1),https://documents.un.org/api/symbol/access?s=S%2FPV.9036%20%28RESUMPTION%201%29&l=en&t=pdf,documents.un.org,United Nations,OFFICIAL_FULLTEXT_PDF,S_PV.9036_RESUMPTION_1.pdf,105287513719a8addb611d76f4fc291ddfe5a5842d7b183df1615f3dd0ed5f49,928382,1,1,VERIFIED_OFFICIAL_PDF,1
SC_MEETING::SCM|S/PV.9039,S/PV.9039,https://documents.un.org/api/symbol/access?s=S%2FPV.9039&l=en&t=pdf,documents.un.org,United Nations,OFFICIAL_FULLTEXT_PDF,S_PV.9039.pdf,3a95ddf8cf024f2223c635e60a3f5440b4d8ccdf14b069e388ff95199647a341,764730,1,1,VERIFIED_OFFICIAL_PDF,1
SC_MEETING::SCM|S/PV.9052,S/PV.9052,https://documents.un.org/api/symbol/access?s=S%2FPV.9052&l=en&t=pdf,documents.un.org,United Nations,OFFICIAL_FULLTEXT_PDF,S_PV.9052.pdf,d17d518f622f5063dc1598e161972869fc945001b78eccd459ffd8e82e20fa76,858723,1,1,VERIFIED_OFFICIAL_PDF,1
SC_MEETING::SCM|S/PV.9052 (Resumption 1),S/PV.9052 (RESUMPTION 1),https://documents.un.org/api/symbol/access?s=S%2FPV.9052%20%28RESUMPTION%201%29&l=en&t=pdf,documents.un.org,United Nations,OFFICIAL_FULLTEXT_PDF,S_PV.9052_RESUMPTION_1.pdf,2628b726e727396cb3ecedb59f1578d9fe89b426063b1637711f8549532c1e3a,1053001,1,1,VERIFIED_OFFICIAL_PDF,1
SC_MEETING::SCM|S/PV.9167,S/PV.9167,https://documents.un.org/api/symbol/access?s=S%2FPV.9167&l=en&t=pdf,documents.un.org,United Nations,OFFICIAL_FULLTEXT_PDF,S_PV.9167.pdf,855d443cf0c76237aa01c6e217b9f885fc481ae4e48fa1e8a633857c145ff77e,524776,1,1,VERIFIED_OFFICIAL_PDF,1
SC_MEETING::SCM|S/PV.9220,S/PV.9220,https://documents.un.org/api/symbol/access?s=S%2FPV.9220&l=en&t=pdf,documents.un.org,United Nations,OFFICIAL_FULLTEXT_PDF,S_PV.9220.pdf,056ce0f5061394208212b102c186e660a838f15c88634d1c2b9e36ed6c7274bf,500571,1,1,VERIFIED_OFFICIAL_PDF,1
SC_MEETING::SCM|S/PV.9220 (Resumption 1),S/PV.9220 (RESUMPTION 1),https://documents.un.org/api/symbol/access?s=S%2FPV.9220%20%28RESUMPTION%201%29&l=en&t=pdf,documents.un.org,United Nations,OFFICIAL_FULLTEXT_PDF,S_PV.9220_RESUMPTION_1.pdf,b4ea1f5d4a4d9996d978cf6a9d1a67eae570709b9ac65dc7e0a7769444194b4f,820591,1,1,VERIFIED_OFFICIAL_PDF,1
SC_MEETING::SCM|S/PV.9228,S/PV.9228,https://documents.un.org/api/symbol/access?s=S%2FPV.9228&l=en&t=pdf,documents.un.org,United Nations,OFFICIAL_FULLTEXT_PDF,S_PV.9228.pdf,19d8e020690e990e51389cb496951115dd46497fdc00cd01abd81e67dce048c8,296892,1,1,VERIFIED_OFFICIAL_PDF,1
SC_MEETING::SCM|S/PV.9241,S/PV.9241,https://documents.un.org/api/symbol/access?s=S%2FPV.9241&l=en&t=pdf,documents.un.org,United Nations,OFFICIAL_FULLTEXT_PDF,S_PV.9241.pdf,a582e6ebdcb747e6e9ef68e0cf99086b229f9f930132441ee493d1c8a830cb79,599270,1,1,VERIFIED_OFFICIAL_PDF,1
SC_MEETING::SCM|S/PV.9241 (Resumption 1),S/PV.9241 (RESUMPTION 1),https://documents.un.org/api/symbol/access?s=S%2FPV.9241%20%28RESUMPTION%201%29&l=en&t=pdf,documents.un.org,United Nations,OFFICIAL_FULLTEXT_PDF,S_PV.9241_RESUMPTION_1.pdf,eefe5838064c7c79a8958044b1bb238935c75fa08a0fe4a214450ac77f141869,925999,1,1,VERIFIED_OFFICIAL_PDF,1
SC_MEETING::SCM|S/PV.9285,S/PV.9285,https://documents.un.org/api/symbol/access?s=S%2FPV.9285&l=en&t=pdf,documents.un.org,United Nations,OFFICIAL_FULLTEXT_PDF,S_PV.9285.pdf,ce16e9f97c3774315efb0c7ae55734b17f6b7544f627e83d13729dd5dd37ce78,324331,1,1,VERIFIED_OFFICIAL_PDF,1
SC_MEETING::SCM|S/PV.9308,S/PV.9308,https://documents.un.org/api/symbol/access?s=S%2FPV.9308&l=en&t=pdf,documents.un.org,United Nations,OFFICIAL_FULLTEXT_PDF,S_PV.9308.pdf,4a7ec09652b5fbcff9e7b27099cdb256cee7225b3f236c78427a39c89607ce1d,496233,1,1,VERIFIED_OFFICIAL_PDF,1
SC_MEETING::SCM|S/PV.9308 (Resumption 1),S/PV.9308 (RESUMPTION 1),https://documents.un.org/api/symbol/access?s=S%2FPV.9308%20%28RESUMPTION%201%29&l=en&t=pdf,documents.un.org,United Nations,OFFICIAL_FULLTEXT_PDF,S_PV.9308_RESUMPTION_1.pdf,e8e42711e3c35189449ba2c53d472c7f65831b06295841a4d90a26c35e8ecc89,468838,1,1,VERIFIED_OFFICIAL_PDF,1
SC_FORMAL_VOTE::SCV|2038,S/PV.9347,https://documents.un.org/api/symbol/access?s=S%2FPV.9347&l=en&t=pdf,documents.un.org,United Nations,OFFICIAL_FULLTEXT_PDF,S_PV.9347.pdf,ee5665bb730f6aaa0d1a137107390513fdda89ad17220be85e2cd42834d45b75,193626,1,1,VERIFIED_OFFICIAL_PDF,1
SC_MEETING::SCM|S/PV.9346,S/PV.9346,https://documents.un.org/api/symbol/access?s=S%2FPV.9346&l=en&t=pdf,documents.un.org,United Nations,OFFICIAL_FULLTEXT_PDF,S_PV.9346.pdf,a70b6ae6a20dc0fe919587d42462b96ae4102f389c96e7f2592575f25502c77a,591920,1,1,VERIFIED_OFFICIAL_PDF,1
SC_MEETING::SCM|S/PV.9347,S/PV.9347,https://documents.un.org/api/symbol/access?s=S%2FPV.9347&l=en&t=pdf,documents.un.org,United Nations,OFFICIAL_FULLTEXT_PDF,S_PV.9347.pdf,ee5665bb730f6aaa0d1a137107390513fdda89ad17220be85e2cd42834d45b75,193626,1,1,VERIFIED_OFFICIAL_PDF,1
SC_MEETING::SCM|S/PV.9381,S/PV.9381,https://documents.un.org/api/symbol/access?s=S%2FPV.9381&l=en&t=pdf,documents.un.org,United Nations,OFFICIAL_FULLTEXT_PDF,S_PV.9381.pdf,fff60666adfd80591e050989409b09930452a03e8845128e03b076116dac610f,571670,1,1,VERIFIED_OFFICIAL_PDF,1
SC_MEETING::SCM|S/PV.9392,S/PV.9392,https://documents.un.org/api/symbol/access?s=S%2FPV.9392&l=en&t=pdf,documents.un.org,United Nations,OFFICIAL_FULLTEXT_PDF,S_PV.9392.pdf,921611b0c66c072ef9efe98dcc7184d28cb6cf1cfa8d153ae5911bf3c7bc024d,498082,1,1,VERIFIED_OFFICIAL_PDF,1
SC_MEETING::SCM|S/PV.9392 (Resumption 1),S/PV.9392 (RESUMPTION 1),https://documents.un.org/api/symbol/access?s=S%2FPV.9392%20%28RESUMPTION%201%29&l=en&t=pdf,documents.un.org,United Nations,OFFICIAL_FULLTEXT_PDF,S_PV.9392_RESUMPTION_1.pdf,dfec274c9a5f30f85ddaaa89da9f7cb16286f016a79cc1ac7976136e91d9849c,943674,1,1,VERIFIED_OFFICIAL_PDF,1
SC_MEETING::SCM|S/PV.9397,S/PV.9397,https://documents.un.org/api/symbol/access?s=S%2FPV.9397&l=en&t=pdf,documents.un.org,United Nations,OFFICIAL_FULLTEXT_PDF,S_PV.9397.pdf,49352b431d6c17a283cbc8b7e4ff146c1ab052291d84ea3f2b92123a65de45a8,521855,1,1,VERIFIED_OFFICIAL_PDF,1
SC_MEETING::SCM|S/PV.9418,S/PV.9418,https://documents.un.org/api/symbol/access?s=S%2FPV.9418&l=en&t=pdf,documents.un.org,United Nations,OFFICIAL_FULLTEXT_PDF,S_PV.9418.pdf,29236aa169adb120b9beeec5c1444a7ede3253925cf167f1c757411f6d0ed3ce,689971,1,1,VERIFIED_OFFICIAL_PDF,1
SC_MEETING::SCM|S/PV.9418 (Resumption 1),S/PV.9418 (RESUMPTION 1),https://documents.un.org/api/symbol/access?s=S%2FPV.9418%20%28RESUMPTION%201%29&l=en&t=pdf,documents.un.org,United Nations,OFFICIAL_FULLTEXT_PDF,S_PV.9418_RESUMPTION_1.pdf,d6bccbf8ca9367879d84b665728224da17bacc230c4d95e5d1899d5c2f8ff736,371238,1,1,VERIFIED_OFFICIAL_PDF,1
SC_MEETING::SCM|S/PV.9421,S/PV.9421,https://documents.un.org/api/symbol/access?s=S%2FPV.9421&l=en&t=pdf,documents.un.org,United Nations,OFFICIAL_FULLTEXT_PDF,S_PV.9421.pdf,0f47de6c7facedd1476fc97379facf8138d6ce718d17e164de0d37085583e29b,657199,1,1,VERIFIED_OFFICIAL_PDF,1
SC_MEETING::SCM|S/PV.9421 (Resumption 1),S/PV.9421 (RESUMPTION 1),https://documents.un.org/api/symbol/access?s=S%2FPV.9421%20%28RESUMPTION%201%29&l=en&t=pdf,documents.un.org,United Nations,OFFICIAL_FULLTEXT_PDF,S_PV.9421_RESUMPTION_1.pdf,8dd6e3336bbba59fe8f20449c23d5d71fbd59faa6728dfe4604eae479b1b1ca9,714851,1,1,VERIFIED_OFFICIAL_PDF,1
SC_MEETING::SCM|S/PV.9421 (Resumption 2),S/PV.9421 (RESUMPTION 2),https://documents.un.org/api/symbol/access?s=S%2FPV.9421%20%28RESUMPTION%202%29&l=en&t=pdf,documents.un.org,United Nations,OFFICIAL_FULLTEXT_PDF,S_PV.9421_RESUMPTION_2.pdf,27128619829a1ca0b260e148a25e0768aa78305f3bd3572e741272cbf4ac8e7a,342925,1,1,VERIFIED_OFFICIAL_PDF,1
SC_MEETING::SCM|S/PV.9422,S/PV.9422,https://documents.un.org/api/symbol/access?s=S%2FPV.9422&l=en&t=pdf,documents.un.org,United Nations,OFFICIAL_FULLTEXT_PDF,S_PV.9422.pdf,06cb1639594e526510352a0bcca28970638420d17ee05229816853b1f743bcd6,559821,1,1,VERIFIED_OFFICIAL_PDF,1
SC_MEETING::SCM|S/PV.9428,S/PV.9428,https://documents.un.org/api/symbol/access?s=S%2FPV.9428&l=en&t=pdf,documents.un.org,United Nations,OFFICIAL_FULLTEXT_PDF,S_PV.9428.pdf,5e282b82c7f0f847f528da01452410d5bb6cc6e5781bc1f3f831b5583adc9dbe,468219,1,1,VERIFIED_OFFICIAL_PDF,1
SC_FORMAL_VOTE::SCV|2054,S/PV.9429,https://documents.un.org/api/symbol/access?s=S%2FPV.9429&l=en&t=pdf,documents.un.org,United Nations,OFFICIAL_FULLTEXT_PDF,S_PV.9429.pdf,f6b007982f0b109946ae239720d1202b6cb09c6aeadf921d25025e9bc5e213e4,311665,1,1,VERIFIED_OFFICIAL_PDF,1
SC_MEETING::SCM|S/PV.9429,S/PV.9429,https://documents.un.org/api/symbol/access?s=S%2FPV.9429&l=en&t=pdf,documents.un.org,United Nations,OFFICIAL_FULLTEXT_PDF,S_PV.9429.pdf,f6b007982f0b109946ae239720d1202b6cb09c6aeadf921d25025e9bc5e213e4,311665,1,1,VERIFIED_OFFICIAL_PDF,1
SC_MEETING::SCM|S/PV.9448,S/PV.9448,https://documents.un.org/api/symbol/access?s=S%2FPV.9448&l=en&t=pdf,documents.un.org,United Nations,OFFICIAL_FULLTEXT_PDF,S_PV.9448.pdf,3a011ff02e22594bbd7352c5494a4dd306c82b9bb794156c3a99f0b6bb0a44fa,733252,1,1,VERIFIED_OFFICIAL_PDF,1
SC_MEETING::SCM|S/PV.9448 (Resumption 1),S/PV.9448 (RESUMPTION 1),https://documents.un.org/api/symbol/access?s=S%2FPV.9448%20%28RESUMPTION%201%29&l=en&t=pdf,documents.un.org,United Nations,OFFICIAL_FULLTEXT_PDF,S_PV.9448_RESUMPTION_1.pdf,fe0f5c62e1c9d17d820262d742cabca1d206eed9c19d20e7bfb0815b720dad31,707386,1,1,VERIFIED_OFFICIAL_PDF,1
SC_MEETING::SCM|S/PV.9482,S/PV.9482,https://documents.un.org/api/symbol/access?s=S%2FPV.9482&l=en&t=pdf,documents.un.org,United Nations,OFFICIAL_FULLTEXT_PDF,S_PV.9482.pdf,df8deccb4ed33653db0d4667145b89ed886d5cdcef1779ab118e6f2229663689,683678,1,1,VERIFIED_OFFICIAL_PDF,1
SC_MEETING::SCM|S/PV.9482 (Resumption 1),S/PV.9482 (RESUMPTION 1),https://documents.un.org/api/symbol/access?s=S%2FPV.9482%20%28RESUMPTION%201%29&l=en&t=pdf,documents.un.org,United Nations,OFFICIAL_FULLTEXT_PDF,S_PV.9482_RESUMPTION_1.pdf,97d4004acbf860676d60ad52cda370f3d7abb67932eaa08e555ef420388d2d5a,887776,1,1,VERIFIED_OFFICIAL_PDF,1
SC_MEETING::SCM|S/PV.9484,S/PV.9484,https://documents.un.org/api/symbol/access?s=S%2FPV.9484&l=en&t=pdf,documents.un.org,United Nations,OFFICIAL_FULLTEXT_PDF,S_PV.9484.pdf,7fe2a1b4fa2c6d8498e87d2a83bc316de4b8d85b15b44a4fea37fa6b68bd03eb,642840,1,1,VERIFIED_OFFICIAL_PDF,1
SC_MEETING::SCM|S/PV.9486,S/PV.9486,https://documents.un.org/api/symbol/access?s=S%2FPV.9486&l=en&t=pdf,documents.un.org,United Nations,OFFICIAL_FULLTEXT_PDF,S_PV.9486.pdf,a5d3700226576692736753fa720f0397769d1715297fed242939b6199ac92767,130514,1,1,VERIFIED_OFFICIAL_PDF,1
GA_FORMAL_VOTE::GAV|4028491,A/78/PV.40,https://documents.un.org/api/symbol/access?s=A%2F78%2FPV.40&l=en&t=pdf,documents.un.org,United Nations,OFFICIAL_FULLTEXT_PDF,A_78_PV.40.pdf,ed155679111842cc51051514e3adff2ed442262326182626f2c5b82f74d79f57,592560,1,1,VERIFIED_OFFICIAL_PDF,1
SC_MEETING::SCM|S/PV.9487,S/PV.9487,https://documents.un.org/api/symbol/access?s=S%2FPV.9487&l=en&t=pdf,documents.un.org,United Nations,OFFICIAL_FULLTEXT_PDF,S_PV.9487.pdf,da57ae42a7b8d06e232f97b90520ea9685145319c4eddabe91cd8721a051d0e7,531877,1,1,VERIFIED_OFFICIAL_PDF,1
SC_MEETING::SCM|S/PV.9489,S/PV.9489,https://documents.un.org/api/symbol/access?s=S%2FPV.9489&l=en&t=pdf,documents.un.org,United Nations,OFFICIAL_FULLTEXT_PDF,S_PV.9489.pdf,bbf43872744870ea588671193f359b336f86b2f85e4ad6d708ce33a9e3e6ac2d,770957,1,1,VERIFIED_OFFICIAL_PDF,1
SC_FORMAL_VOTE::SCV|2076,S/PV.9499,https://documents.un.org/api/symbol/access?s=S%2FPV.9499&l=en&t=pdf,documents.un.org,United Nations,OFFICIAL_FULLTEXT_PDF,S_PV.9499.pdf,0575967053afc398fa946fa282366ab4c56a8f44244d415bf261b8576d0742b9,402524,1,1,VERIFIED_OFFICIAL_PDF,1
SC_MEETING::SCM|S/PV.9498,S/PV.9498,https://documents.un.org/api/symbol/access?s=S%2FPV.9498&l=en&t=pdf,documents.un.org,United Nations,OFFICIAL_FULLTEXT_PDF,S_PV.9498.pdf,9d5b308118be6f091e047f9c072df0653c9e58e9f37af3071be41babc5289c7a,617851,1,1,VERIFIED_OFFICIAL_PDF,1
SC_MEETING::SCM|S/PV.9499,S/PV.9499,https://documents.un.org/api/symbol/access?s=S%2FPV.9499&l=en&t=pdf,documents.un.org,United Nations,OFFICIAL_FULLTEXT_PDF,S_PV.9499.pdf,0575967053afc398fa946fa282366ab4c56a8f44244d415bf261b8576d0742b9,402524,1,1,VERIFIED_OFFICIAL_PDF,1
SC_MEETING::SCM|S/PV.9513,S/PV.9513,https://documents.un.org/api/symbol/access?s=S%2FPV.9513&l=en&t=pdf,documents.un.org,United Nations,OFFICIAL_FULLTEXT_PDF,S_PV.9513.pdf,987b09509d10b35e7187dc9677120ea2dea380d7154c4ab4dffd13522dd21867,512962,1,1,VERIFIED_OFFICIAL_PDF,1
SC_FORMAL_VOTE::SCV|2079,S/PV.9516,https://documents.un.org/api/symbol/access?s=S%2FPV.9516&l=en&t=pdf,documents.un.org,United Nations,OFFICIAL_FULLTEXT_PDF,S_PV.9516.pdf,f2bb7449cc0086b9b961eb686f23b62f736672e110dca343b7236c4138a53c28,285421,1,1,VERIFIED_OFFICIAL_PDF,1
SC_MEETING::SCM|S/PV.9516,S/PV.9516,https://documents.un.org/api/symbol/access?s=S%2FPV.9516&l=en&t=pdf,documents.un.org,United Nations,OFFICIAL_FULLTEXT_PDF,S_PV.9516.pdf,f2bb7449cc0086b9b961eb686f23b62f736672e110dca343b7236c4138a53c28,285421,1,1,VERIFIED_OFFICIAL_PDF,1
SC_MEETING::SCM|S/PV.9517,S/PV.9517,https://documents.un.org/api/symbol/access?s=S%2FPV.9517&l=en&t=pdf,documents.un.org,United Nations,OFFICIAL_FULLTEXT_PDF,S_PV.9517.pdf,aeb7498ec7657e1bf81596aa98783ec5eeb5f143b4b4999666fa3d5929611731,535259,1,1,VERIFIED_OFFICIAL_PDF,1
SC_FORMAL_VOTE::SCV|2081,S/PV.9520,https://documents.un.org/api/symbol/access?s=S%2FPV.9520&l=en&t=pdf,documents.un.org,United Nations,OFFICIAL_FULLTEXT_PDF,S_PV.9520.pdf,6c1eb64c34821cda15ae892b995c9538dc474b447f3503fa576de87eb09bcd94,516546,1,1,VERIFIED_OFFICIAL_PDF,1
SC_MEETING::SCM|S/PV.9519,S/PV.9519,https://documents.un.org/api/symbol/access?s=S%2FPV.9519&l=en&t=pdf,documents.un.org,United Nations,OFFICIAL_FULLTEXT_PDF,S_PV.9519.pdf,af7b317b635a8f3d232c7fd1a2902b1a3fc45a0c4c528648358cbf4328a7b2f0,464698,1,1,VERIFIED_OFFICIAL_PDF,1
SC_MEETING::SCM|S/PV.9520,S/PV.9520,https://documents.un.org/api/symbol/access?s=S%2FPV.9520&l=en&t=pdf,documents.un.org,United Nations,OFFICIAL_FULLTEXT_PDF,S_PV.9520.pdf,6c1eb64c34821cda15ae892b995c9538dc474b447f3503fa576de87eb09bcd94,516546,1,1,VERIFIED_OFFICIAL_PDF,1
SC_SPECIAL_VETO::SCX|13,S/PV.9520,https://documents.un.org/api/symbol/access?s=S%2FPV.9520&l=en&t=pdf,documents.un.org,United Nations,OFFICIAL_FULLTEXT_PDF,S_PV.9520.pdf,6c1eb64c34821cda15ae892b995c9538dc474b447f3503fa576de87eb09bcd94,516546,1,1,VERIFIED_OFFICIAL_PDF,1
SC_MEETING::SCM|S/PV.9522,S/PV.9522,https://documents.un.org/api/symbol/access?s=S%2FPV.9522&l=en&t=pdf,documents.un.org,United Nations,OFFICIAL_FULLTEXT_PDF,S_PV.9522.pdf,91b2f5cea5f404be7f47c6568d4f7fa50996c9d9d2e498c0e83dc24c72d999b5,632620,1,1,VERIFIED_OFFICIAL_PDF,1
SC_MEETING::SCM|S/PV.9525,S/PV.9525,https://documents.un.org/api/symbol/access?s=S%2FPV.9525&l=en&t=pdf,documents.un.org,United Nations,OFFICIAL_FULLTEXT_PDF,S_PV.9525.pdf,c6af3fb3aff8fa4906dab9c9b133d17353767844b5b14ee589952e3571353ef7,494705,1,1,VERIFIED_OFFICIAL_PDF,1
SC_FORMAL_VOTE::SCV|2083,S/PV.9527,https://documents.un.org/api/symbol/access?s=S%2FPV.9527&l=en&t=pdf,documents.un.org,United Nations,OFFICIAL_FULLTEXT_PDF,S_PV.9527.pdf,887d1dcb8821de13e6a197d6621ea208e3bfa06cbdcae7cca9aa861d828f9c05,410678,1,1,VERIFIED_OFFICIAL_PDF,1
SC_MEETING::SCM|S/PV.9527,S/PV.9527,https://documents.un.org/api/symbol/access?s=S%2FPV.9527&l=en&t=pdf,documents.un.org,United Nations,OFFICIAL_FULLTEXT_PDF,S_PV.9527.pdf,887d1dcb8821de13e6a197d6621ea208e3bfa06cbdcae7cca9aa861d828f9c05,410678,1,1,VERIFIED_OFFICIAL_PDF,1
SC_MEETING::SCM|S/PV.9531,S/PV.9531,https://documents.un.org/api/symbol/access?s=S%2FPV.9531&l=en&t=pdf,documents.un.org,United Nations,OFFICIAL_FULLTEXT_PDF,S_PV.9531.pdf,32389913d9d8836096f3f704e45127a57b66a71038f8a049b9ca0525dd878900,578878,1,1,VERIFIED_OFFICIAL_PDF,1
SC_MEETING::SCM|S/PV.9532,S/PV.9532,https://documents.un.org/api/symbol/access?s=S%2FPV.9532&l=en&t=pdf,documents.un.org,United Nations,OFFICIAL_FULLTEXT_PDF,S_PV.9532.pdf,98f7a946aea7bcc1bab5633a7cc1a61fdfc739b4eaf9bb365dd6437f9eeb8830,437914,1,1,VERIFIED_OFFICIAL_PDF,1
SC_MEETING::SCM|S/PV.9534,S/PV.9534,https://documents.un.org/api/symbol/access?s=S%2FPV.9534&l=en&t=pdf,documents.un.org,United Nations,OFFICIAL_FULLTEXT_PDF,S_PV.9534.pdf,dbc425bf5baa87f6a9a4d70dabe3c823fcf1774cea2bfaa5fe5e84a910cb8a4f,1114602,1,1,VERIFIED_OFFICIAL_PDF,1
SC_MEETING::SCM|S/PV.9534 (Resumption 1),S/PV.9534 (RESUMPTION 1),https://documents.un.org/api/symbol/access?s=S%2FPV.9534%20%28RESUMPTION%201%29&l=en&t=pdf,documents.un.org,United Nations,OFFICIAL_FULLTEXT_PDF,S_PV.9534_RESUMPTION_1.pdf,89082dd074156ebe5ed9bbd74748014913c7ecdcdeb4f5c2f7cde5db88a8d12d,513332,1,1,VERIFIED_OFFICIAL_PDF,1
SC_MEETING::SCM|S/PV.9540,S/PV.9540,https://documents.un.org/api/symbol/access?s=S%2FPV.9540&l=en&t=pdf,documents.un.org,United Nations,OFFICIAL_FULLTEXT_PDF,S_PV.9540.pdf,6e4b5c904b9cea06320eac023d208979b8582e822ce8806457166c53f5a0df37,622581,1,1,VERIFIED_OFFICIAL_PDF,1
SC_MEETING::SCM|S/PV.9542,S/PV.9542,https://documents.un.org/api/symbol/access?s=S%2FPV.9542&l=en&t=pdf,documents.un.org,United Nations,OFFICIAL_FULLTEXT_PDF,S_PV.9542.pdf,019947b235b420a8f2428a63ee5b141ae8efce06f2f92ad4f19c49f25338ab1a,483053,1,1,VERIFIED_OFFICIAL_PDF,1
SC_MEETING::SCM|S/PV.9547,S/PV.9547,https://documents.un.org/api/symbol/access?s=S%2FPV.9547&l=en&t=pdf,documents.un.org,United Nations,OFFICIAL_FULLTEXT_PDF,S_PV.9547.pdf,1c6be28461ea419c1dc59ce9f0e55a9668959758f5c5f0f82e451a9ddc1e7cbf,650038,1,1,VERIFIED_OFFICIAL_PDF,1
SC_MEETING::SCM|S/PV.9547 (Resumption 1),S/PV.9547 (RESUMPTION 1),https://documents.un.org/api/symbol/access?s=S%2FPV.9547%20%28RESUMPTION%201%29&l=en&t=pdf,documents.un.org,United Nations,OFFICIAL_FULLTEXT_PDF,S_PV.9547_RESUMPTION_1.pdf,8ffaf023af32bb439220220d499886d84e38e060fb101c0e257cda7e968e6ddd,651655,1,1,VERIFIED_OFFICIAL_PDF,1
SC_MEETING::SCM|S/PV.9547 (Resumption 2),S/PV.9547 (RESUMPTION 2),https://documents.un.org/api/symbol/access?s=S%2FPV.9547%20%28RESUMPTION%202%29&l=en&t=pdf,documents.un.org,United Nations,OFFICIAL_FULLTEXT_PDF,S_PV.9547_RESUMPTION_2.pdf,46667a7dc34d690d05fad164f1401c00072c7ddfb19c10367a3c6f13da7a50f3,718827,1,1,VERIFIED_OFFICIAL_PDF,1
SC_MEETING::SCM|S/PV.9548,S/PV.9548,https://documents.un.org/api/symbol/access?s=S%2FPV.9548&l=en&t=pdf,documents.un.org,United Nations,OFFICIAL_FULLTEXT_PDF,S_PV.9548.pdf,3a8aee47ed97a38a385c12aee0f521a9ea9fb92199aeb6169576f9d68813c417,517681,1,1,VERIFIED_OFFICIAL_PDF,1
SC_FORMAL_VOTE::SCV|2085,S/PV.9552,https://documents.un.org/api/symbol/access?s=S%2FPV.9552&l=en&t=pdf,documents.un.org,United Nations,OFFICIAL_FULLTEXT_PDF,S_PV.9552.pdf,dab293907b79e67e59e44d4d0db4b3abd2db0609a91426ca5c97c0f8333dfde4,563315,1,1,VERIFIED_OFFICIAL_PDF,1
SC_MEETING::SCM|S/PV.9552,S/PV.9552,https://documents.un.org/api/symbol/access?s=S%2FPV.9552&l=en&t=pdf,documents.un.org,United Nations,OFFICIAL_FULLTEXT_PDF,S_PV.9552.pdf,dab293907b79e67e59e44d4d0db4b3abd2db0609a91426ca5c97c0f8333dfde4,563315,1,1,VERIFIED_OFFICIAL_PDF,1
SC_MEETING::SCM|S/PV.9556,S/PV.9556,https://documents.un.org/api/symbol/access?s=S%2FPV.9556&l=en&t=pdf,documents.un.org,United Nations,OFFICIAL_FULLTEXT_PDF,S_PV.9556.pdf,d5f6085e1dd9fa00c3fad313394e0171aedc205d80aeee5f7595f0799033c70d,558071,1,1,VERIFIED_OFFICIAL_PDF,1
SC_MEETING::SCM|S/PV.9559,S/PV.9559,https://documents.un.org/api/symbol/access?s=S%2FPV.9559&l=en&t=pdf,documents.un.org,United Nations,OFFICIAL_FULLTEXT_PDF,S_PV.9559.pdf,7e86eceba35a1c37d5497ae109a0e7121993050a3ecbdd7dca21fb5138d45dfd,539642,1,1,VERIFIED_OFFICIAL_PDF,1
SC_MEETING::SCM|S/PV.9562,S/PV.9562,https://documents.un.org/api/symbol/access?s=S%2FPV.9562&l=en&t=pdf,documents.un.org,United Nations,OFFICIAL_FULLTEXT_PDF,S_PV.9562.pdf,48295df9e92b26a20e2f2a6327275823ac5a7b2c3f267c09ead912474d951a16,494273,1,1,VERIFIED_OFFICIAL_PDF,1
SC_MEETING::SCM|S/PV.9572,S/PV.9572,https://documents.un.org/api/symbol/access?s=S%2FPV.9572&l=en&t=pdf,documents.un.org,United Nations,OFFICIAL_FULLTEXT_PDF,S_PV.9572.pdf,088ee285308b0c3df4d21e98d97689d9b07fb5ee9130536e1aa5ae0ed605eb77,586520,1,1,VERIFIED_OFFICIAL_PDF,1
SC_MEETING::SCM|S/PV.9576,S/PV.9576,https://documents.un.org/api/symbol/access?s=S%2FPV.9576&l=en&t=pdf,documents.un.org,United Nations,OFFICIAL_FULLTEXT_PDF,S_PV.9576.pdf,1611e2e1fcccacd7d672bfcc03fdd52f357977c6accd38c904a40ad5d6a6aa56,496882,1,1,VERIFIED_OFFICIAL_PDF,1
SC_MEETING::SCM|S/PV.9579,S/PV.9579,https://documents.un.org/api/symbol/access?s=S%2FPV.9579&l=en&t=pdf,documents.un.org,United Nations,OFFICIAL_FULLTEXT_PDF,S_PV.9579.pdf,2173786c4a968186adc9f5262557949d5b54e56739115ca9a1a9c7ee7befdc3e,636043,1,1,VERIFIED_OFFICIAL_PDF,1
SC_MEETING::SCM|S/PV.9583,S/PV.9583,https://documents.un.org/api/symbol/access?s=S%2FPV.9583&l=en&t=pdf,documents.un.org,United Nations,OFFICIAL_FULLTEXT_PDF,S_PV.9583.pdf,086b54ba6cf4621059a1b28f108196b7b96d180780540bb54aff66848d3475e0,490488,1,1,VERIFIED_OFFICIAL_PDF,1
SC_FORMAL_VOTE::SCV|2090,S/PV.9584,https://documents.un.org/api/symbol/access?s=S%2FPV.9584&l=en&t=pdf,documents.un.org,United Nations,OFFICIAL_FULLTEXT_PDF,S_PV.9584.pdf,1340c04466678f084b49b3f2e9d218d77cc200c9973a7162a9f574cc27e456a2,497275,1,1,VERIFIED_OFFICIAL_PDF,1
SC_MEETING::SCM|S/PV.9584,S/PV.9584,https://documents.un.org/api/symbol/access?s=S%2FPV.9584&l=en&t=pdf,documents.un.org,United Nations,OFFICIAL_FULLTEXT_PDF,S_PV.9584.pdf,1340c04466678f084b49b3f2e9d218d77cc200c9973a7162a9f574cc27e456a2,497275,1,1,VERIFIED_OFFICIAL_PDF,1
SC_FORMAL_VOTE::SCV|2091,S/PV.9586,https://documents.un.org/api/symbol/access?s=S%2FPV.9586&l=en&t=pdf,documents.un.org,United Nations,OFFICIAL_FULLTEXT_PDF,S_PV.9586.pdf,d7d9762e51241a728837a6032eb7f877e89a96f71cfe661af1af155df704b430,524605,1,1,VERIFIED_OFFICIAL_PDF,1
SC_MEETING::SCM|S/PV.9586,S/PV.9586,https://documents.un.org/api/symbol/access?s=S%2FPV.9586&l=en&t=pdf,documents.un.org,United Nations,OFFICIAL_FULLTEXT_PDF,S_PV.9586.pdf,d7d9762e51241a728837a6032eb7f877e89a96f71cfe661af1af155df704b430,524605,1,1,VERIFIED_OFFICIAL_PDF,1
SC_MEETING::SCM|S/PV.9588,S/PV.9588,https://documents.un.org/api/symbol/access?s=S%2FPV.9588&l=en&t=pdf,documents.un.org,United Nations,OFFICIAL_FULLTEXT_PDF,S_PV.9588.pdf,d5102dbbd78ec9b3f448f6457146c5ea2941416586e0ff9d9898c73dd592e161,519605,1,1,VERIFIED_OFFICIAL_PDF,1
SC_MEETING::SCM|S/PV.9592,S/PV.9592,https://documents.un.org/api/symbol/access?s=S%2FPV.9592&l=en&t=pdf,documents.un.org,United Nations,OFFICIAL_FULLTEXT_PDF,S_PV.9592.pdf,d1bbbda4595e70c1c8ecdf2dfefbfd22058bc86b9007b6a1abff8e6a000fb472,334990,1,1,VERIFIED_OFFICIAL_PDF,1
SC_MEETING::SCM|S/PV.9596,S/PV.9596,https://documents.un.org/api/symbol/access?s=S%2FPV.9596&l=en&t=pdf,documents.un.org,United Nations,OFFICIAL_FULLTEXT_PDF,S_PV.9596.pdf,2a82634f9d39f0846599d9c81747cf94d0c74d28b0ffa5f5c86e1780a53d4372,621164,1,1,VERIFIED_OFFICIAL_PDF,1
SC_MEETING::SCM|S/PV.9602,S/PV.9602,https://documents.un.org/api/symbol/access?s=S%2FPV.9602&l=en&t=pdf,documents.un.org,United Nations,OFFICIAL_FULLTEXT_PDF,S_PV.9602.pdf,b99387a615117094c7a20960abf40d83bff0d15afe87568e5ce726372839d2f7,522992,1,1,VERIFIED_OFFICIAL_PDF,1
SC_MEETING::SCM|S/PV.9603,S/PV.9603,https://documents.un.org/api/symbol/access?s=S%2FPV.9603&l=en&t=pdf,documents.un.org,United Nations,OFFICIAL_FULLTEXT_PDF,S_PV.9603.pdf,d2aabfce1ae107e126a13a8c6547e70fc09355b52de7b6539ad7a7449a7c820e,544528,1,1,VERIFIED_OFFICIAL_PDF,1
SC_MEETING::SCM|S/PV.9606,S/PV.9606,https://documents.un.org/api/symbol/access?s=S%2FPV.9606&l=en&t=pdf,documents.un.org,United Nations,OFFICIAL_FULLTEXT_PDF,S_PV.9606.pdf,6155d587844edd44947e8ce2c715daa9ddf22a6f05649f596aaa9402b7582d1d,689076,1,1,VERIFIED_OFFICIAL_PDF,1
SC_MEETING::SCM|S/PV.9607,S/PV.9607,https://documents.un.org/api/symbol/access?s=S%2FPV.9607&l=en&t=pdf,documents.un.org,United Nations,OFFICIAL_FULLTEXT_PDF,S_PV.9607.pdf,2022d901289ca5ea8e6165f5d056c70a17239ae93c8b5c70fc19c48b1a84b3f1,694992,1,1,VERIFIED_OFFICIAL_PDF,1
SC_MEETING::SCM|S/PV.9608,S/PV.9608,https://documents.un.org/api/symbol/access?s=S%2FPV.9608&l=en&t=pdf,documents.un.org,United Nations,OFFICIAL_FULLTEXT_PDF,S_PV.9608.pdf,ea1894e2255a7df0127face5b7f0b46063f7c3860de33b9026bd087bb99a314e,719668,1,1,VERIFIED_OFFICIAL_PDF,1
SC_MEETING::SCM|S/PV.9608 (Resumption 1),S/PV.9608 (RESUMPTION 1),https://documents.un.org/api/symbol/access?s=S%2FPV.9608%20%28RESUMPTION%201%29&l=en&t=pdf,documents.un.org,United Nations,OFFICIAL_FULLTEXT_PDF,S_PV.9608_RESUMPTION_1.pdf,84302b62518abac04fe6a6da766cc903b518895d1fa7fd896291dcc4d8f3ec6e,538088,1,1,VERIFIED_OFFICIAL_PDF,1
SC_MEETING::SCM|S/PV.9617,S/PV.9617,https://documents.un.org/api/symbol/access?s=S%2FPV.9617&l=en&t=pdf,documents.un.org,United Nations,OFFICIAL_FULLTEXT_PDF,S_PV.9617.pdf,e13f17af845b16cfa188a602724a76820a1dbe9ed3f329b4b8876625f8915637,543246,1,1,VERIFIED_OFFICIAL_PDF,1
SC_MEETING::SCM|S/PV.9608 (Resumption 2),S/PV.9608 (RESUMPTION 2),https://documents.un.org/api/symbol/access?s=S%2FPV.9608%20%28RESUMPTION%202%29&l=en&t=pdf,documents.un.org,United Nations,OFFICIAL_FULLTEXT_PDF,S_PV.9608_RESUMPTION_2.pdf,92f859ae523af4ca74163df501ce2ff0f5aa248d803a512596463de5af8bcb60,655936,1,1,VERIFIED_OFFICIAL_PDF,1
SC_MEETING::SCM|S/PV.9618,S/PV.9618,https://documents.un.org/api/symbol/access?s=S%2FPV.9618&l=en&t=pdf,documents.un.org,United Nations,OFFICIAL_FULLTEXT_PDF,S_PV.9618.pdf,31d81e04243367dd68e0f53c04b73e124bb3f8a2fafd8ff61070f6a8e3e4a152,586358,1,1,VERIFIED_OFFICIAL_PDF,1
SC_MEETING::SCM|S/PV.9606 (Resumption 1),S/PV.9606 (RESUMPTION 1),https://documents.un.org/api/symbol/access?s=S%2FPV.9606%20%28RESUMPTION%201%29&l=en&t=pdf,documents.un.org,United Nations,OFFICIAL_FULLTEXT_PDF,S_PV.9606_RESUMPTION_1.pdf,a87c5b242f8cb568d34b9d6e6a7ebb7d4cda7cea4d70ad835d5fed7ee0eaab52,340102,1,1,VERIFIED_OFFICIAL_PDF,1
SC_MEETING::SCM|S/PV.9623,S/PV.9623,https://documents.un.org/api/symbol/access?s=S%2FPV.9623&l=en&t=pdf,documents.un.org,United Nations,OFFICIAL_FULLTEXT_PDF,S_PV.9623.pdf,1d26edd6ce026041b75aed27a381e5f4bb65bce4993faf4e284e95e122ae9e6c,486089,1,1,VERIFIED_OFFICIAL_PDF,1
SC_MEETING::SCM|S/PV.9631,S/PV.9631,https://documents.un.org/api/symbol/access?s=S%2FPV.9631&l=en&t=pdf,documents.un.org,United Nations,OFFICIAL_FULLTEXT_PDF,S_PV.9631.pdf,f39b5b265d7899fefa7c2c0ac7ea303e8aad5b692516b0213a6ed36eae0be17d,584994,1,1,VERIFIED_OFFICIAL_PDF,1
SC_MEETING::SCM|S/PV.9633,S/PV.9633,https://documents.un.org/api/symbol/access?s=S%2FPV.9633&l=en&t=pdf,documents.un.org,United Nations,OFFICIAL_FULLTEXT_PDF,S_PV.9633.pdf,ae085f075958418db7426b7a8bda28e113e7d4234b422c9a2e478a9dacb82f72,700706,1,1,VERIFIED_OFFICIAL_PDF,1
SC_MEETING::SCM|S/PV.9633 (Resumption 1),S/PV.9633 (RESUMPTION 1),https://documents.un.org/api/symbol/access?s=S%2FPV.9633%20%28RESUMPTION%201%29&l=en&t=pdf,documents.un.org,United Nations,OFFICIAL_FULLTEXT_PDF,S_PV.9633_RESUMPTION_1.pdf,2dd02f45d756c6775d4a9cd05e54c1331f72cb5f528f4ed3df5800ec7f5ace73,568968,1,1,VERIFIED_OFFICIAL_PDF,1
SC_MEETING::SCM|S/PV.9637,S/PV.9637,https://documents.un.org/api/symbol/access?s=S%2FPV.9637&l=en&t=pdf,documents.un.org,United Nations,OFFICIAL_FULLTEXT_PDF,S_PV.9637.pdf,a6aa1bcce80cb57b10707b917541d9b2431f9e677538c68dc0d77e48802a1eba,710972,1,1,VERIFIED_OFFICIAL_PDF,1
SC_MEETING::SCM|S/PV.9638,S/PV.9638,https://documents.un.org/api/symbol/access?s=S%2FPV.9638&l=en&t=pdf,documents.un.org,United Nations,OFFICIAL_FULLTEXT_PDF,S_PV.9638.pdf,3e24e94efa674f7999110831db3f4e9995e227df6968d625fb66df2e9a9002cd,639141,1,1,VERIFIED_OFFICIAL_PDF,1
SC_FORMAL_VOTE::SCV|2101,S/PV.9650,https://documents.un.org/api/symbol/access?s=S%2FPV.9650&l=en&t=pdf,documents.un.org,United Nations,OFFICIAL_FULLTEXT_PDF,S_PV.9650.pdf,7ff6ec69a11bf2c4a5436e0d743618cb35ae83c4d4db720353e5677fdd831167,457527,1,1,VERIFIED_OFFICIAL_PDF,1
SC_MEETING::SCM|S/PV.9650,S/PV.9650,https://documents.un.org/api/symbol/access?s=S%2FPV.9650&l=en&t=pdf,documents.un.org,United Nations,OFFICIAL_FULLTEXT_PDF,S_PV.9650.pdf,7ff6ec69a11bf2c4a5436e0d743618cb35ae83c4d4db720353e5677fdd831167,457527,1,1,VERIFIED_OFFICIAL_PDF,1
SC_MEETING::SCM|S/PV.9667,S/PV.9667,https://documents.un.org/api/symbol/access?s=S%2FPV.9667&l=en&t=pdf,documents.un.org,United Nations,OFFICIAL_FULLTEXT_PDF,S_PV.9667.pdf,510c74a10e73e96275c8469c88f4d73782444440c207173df2a452c7211fc638,540989,1,1,VERIFIED_OFFICIAL_PDF,1
SC_MEETING::SCM|S/PV.9678,S/PV.9678,https://documents.un.org/api/symbol/access?s=S%2FPV.9678&l=en&t=pdf,documents.un.org,United Nations,OFFICIAL_FULLTEXT_PDF,S_PV.9678.pdf,e4cd61868baa0c84bf87214a875a9a161fcd7f1b4cac656a511a0e58b8c7c199,533646,1,1,VERIFIED_OFFICIAL_PDF,1
SC_MEETING::SCM|S/PV.9687,S/PV.9687,https://documents.un.org/api/symbol/access?s=S%2FPV.9687&l=en&t=pdf,documents.un.org,United Nations,OFFICIAL_FULLTEXT_PDF,S_PV.9687.pdf,cc9a9c0c5ee83b8da436bd7eea0a54447525ea93f4702c14dd69b68979dcd1bd,717449,1,1,VERIFIED_OFFICIAL_PDF,1
SC_MEETING::SCM|S/PV.9687 (Resumption 1),S/PV.9687 (RESUMPTION 1),https://documents.un.org/api/symbol/access?s=S%2FPV.9687%20%28RESUMPTION%201%29&l=en&t=pdf,documents.un.org,United Nations,OFFICIAL_FULLTEXT_PDF,S_PV.9687_RESUMPTION_1.pdf,24643caf5c8e35cacb6bc10395505b45fe0748c8b4a14e05849072f32620da80,748028,1,1,VERIFIED_OFFICIAL_PDF,1
SC_MEETING::SCM|S/PV.9687 (Resumption 2),S/PV.9687 (RESUMPTION 2),https://documents.un.org/api/symbol/access?s=S%2FPV.9687%20%28RESUMPTION%202%29&l=en&t=pdf,documents.un.org,United Nations,OFFICIAL_FULLTEXT_PDF,S_PV.9687_RESUMPTION_2.pdf,cfbed6d979c505f48d4a582fcc103543eae08898cbba80dfed2de6e176aba21a,467160,1,1,VERIFIED_OFFICIAL_PDF,1
SC_MEETING::SCM|S/PV.9694,S/PV.9694,https://documents.un.org/api/symbol/access?s=S%2FPV.9694&l=en&t=pdf,documents.un.org,United Nations,OFFICIAL_FULLTEXT_PDF,S_PV.9694.pdf,00a2dab197ac3278c60139fd5bc640f261cd6ac3b8f9a8ab7e6b45e903b4c4e0,625914,1,1,VERIFIED_OFFICIAL_PDF,1
SC_MEETING::SCM|S/PV.9696,S/PV.9696,https://documents.un.org/api/symbol/access?s=S%2FPV.9696&l=en&t=pdf,documents.un.org,United Nations,OFFICIAL_FULLTEXT_PDF,S_PV.9696.pdf,bf7fab3feb0ff56fd1bf3a963cabbbc3f70ec87f2d0bd62d68f81098a1f5a0ec,549072,1,1,VERIFIED_OFFICIAL_PDF,1
SC_MEETING::SCM|S/PV.9704,S/PV.9704,https://documents.un.org/api/symbol/access?s=S%2FPV.9704&l=en&t=pdf,documents.un.org,United Nations,OFFICIAL_FULLTEXT_PDF,S_PV.9704.pdf,5144f1328be7037afd17bed48a4b7a638beed986bd83490ee56fd81991cd2cbe,528407,1,1,VERIFIED_OFFICIAL_PDF,1
SC_MEETING::SCM|S/PV.9711,S/PV.9711,https://documents.un.org/api/symbol/access?s=S%2FPV.9711&l=en&t=pdf,documents.un.org,United Nations,OFFICIAL_FULLTEXT_PDF,S_PV.9711.pdf,02c5d203eb442fd70e9009f9425272fedb41fab9e6586e017b6e406483707c1b,603110,1,1,VERIFIED_OFFICIAL_PDF,1
SC_MEETING::SCM|S/PV.9715,S/PV.9715,https://documents.un.org/api/symbol/access?s=S%2FPV.9715&l=en&t=pdf,documents.un.org,United Nations,OFFICIAL_FULLTEXT_PDF,S_PV.9715.pdf,0c123d6bc3bca0d24f6c7311f0702acbf8724cccd5fcc51386f7a566e41d170b,561158,1,1,VERIFIED_OFFICIAL_PDF,1
SC_MEETING::SCM|S/PV.9717,S/PV.9717,https://documents.un.org/api/symbol/access?s=S%2FPV.9717&l=en&t=pdf,documents.un.org,United Nations,OFFICIAL_FULLTEXT_PDF,S_PV.9717.pdf,5a51cacfd267ef395d7e82f2795aa6faea12567a495de310f36f23f4c86edd02,629502,1,1,VERIFIED_OFFICIAL_PDF,1
SC_MEETING::SCM|S/PV.9725,S/PV.9725,https://documents.un.org/api/symbol/access?s=S%2FPV.9725&l=en&t=pdf,documents.un.org,United Nations,OFFICIAL_FULLTEXT_PDF,S_PV.9725.pdf,7b0743425e98ddd1c4ae6d96be5248f4a611567f12141e8a2a4f3f24c3d06ce8,557974,1,1,VERIFIED_OFFICIAL_PDF,1
SC_MEETING::SCM|S/PV.9728,S/PV.9728,https://documents.un.org/api/symbol/access?s=S%2FPV.9728&l=en&t=pdf,documents.un.org,United Nations,OFFICIAL_FULLTEXT_PDF,S_PV.9728.pdf,5e9f66797f2016df2c27f0de812fc755f5a38dc146b7038eed11d3291ec16417,640604,1,1,VERIFIED_OFFICIAL_PDF,1
SC_MEETING::SCM|S/PV.9730,S/PV.9730,https://documents.un.org/api/symbol/access?s=S%2FPV.9730&l=en&t=pdf,documents.un.org,United Nations,OFFICIAL_FULLTEXT_PDF,S_PV.9730.pdf,b935c642a595b943b957e67c5593e7bf556348c8ec4e854fba2510d7224b7f9e,560647,1,1,VERIFIED_OFFICIAL_PDF,1
SC_MEETING::SCM|S/PV.9734,S/PV.9734,https://documents.un.org/api/symbol/access?s=S%2FPV.9734&l=en&t=pdf,documents.un.org,United Nations,OFFICIAL_FULLTEXT_PDF,S_PV.9734.pdf,c980bcba386673dd8f986a875a9e493bf6308c47becabd86347bbe118f88e852,691490,1,1,VERIFIED_OFFICIAL_PDF,1
SC_MEETING::SCM|S/PV.9744,S/PV.9744,https://documents.un.org/api/symbol/access?s=S%2FPV.9744&l=en&t=pdf,documents.un.org,United Nations,OFFICIAL_FULLTEXT_PDF,S_PV.9744.pdf,4b2ce15b1e9223ee7c0cd89cde7f4ae5fcb1d00d86327abf5f596c04db4d7a37,657334,1,1,VERIFIED_OFFICIAL_PDF,1
SC_MEETING::SCM|S/PV.9750,S/PV.9750,https://documents.un.org/api/symbol/access?s=S%2FPV.9750&l=en&t=pdf,documents.un.org,United Nations,OFFICIAL_FULLTEXT_PDF,S_PV.9750.pdf,8e9ea9a49fab502ad5fef680b5f59b3f2d792724147f196610146726a6ea7cc5,574479,1,1,VERIFIED_OFFICIAL_PDF,1
SC_MEETING::SCM|S/PV.9763,S/PV.9763,https://documents.un.org/api/symbol/access?s=S%2FPV.9763&l=en&t=pdf,documents.un.org,United Nations,OFFICIAL_FULLTEXT_PDF,S_PV.9763.pdf,e6cbfa30782ed239368f2c09a1c5bf772dac888bf5fbe7ef5d83549834fe6323,624423,1,1,VERIFIED_OFFICIAL_PDF,1
SC_MEETING::SCM|S/PV.9763 (Resumption 1),S/PV.9763 (RESUMPTION 1),https://documents.un.org/api/symbol/access?s=S%2FPV.9763%20%28RESUMPTION%201%29&l=en&t=pdf,documents.un.org,United Nations,OFFICIAL_FULLTEXT_PDF,S_PV.9763_RESUMPTION_1.pdf,ea8b972424a8caaa67950e00376bec964ff8f01c94b4a4cf71ef6b243d9fe27f,798122,1,1,VERIFIED_OFFICIAL_PDF,1
SC_MEETING::SCM|S/PV.9763 (Resumption 2),S/PV.9763 (RESUMPTION 2),https://documents.un.org/api/symbol/access?s=S%2FPV.9763%20%28RESUMPTION%202%29&l=en&t=pdf,documents.un.org,United Nations,OFFICIAL_FULLTEXT_PDF,S_PV.9763_RESUMPTION_2.pdf,4712a60cf56bf2fcd37d25bb185b4762557c8e03fcb1bb9548dbd1c317584838,438727,1,1,VERIFIED_OFFICIAL_PDF,1
SC_FORMAL_VOTE::SCV|2128,S/PV.9790,https://documents.un.org/api/symbol/access?s=S%2FPV.9790&l=en&t=pdf,documents.un.org,United Nations,OFFICIAL_FULLTEXT_PDF,S_PV.9790.pdf,8626e6cbb1e4c096a3ed0274c0880162f45151a49c991c3fdf380e839ecdeb66,501359,1,1,VERIFIED_OFFICIAL_PDF,1
SC_MEETING::SCM|S/PV.9790,S/PV.9790,https://documents.un.org/api/symbol/access?s=S%2FPV.9790&l=en&t=pdf,documents.un.org,United Nations,OFFICIAL_FULLTEXT_PDF,S_PV.9790.pdf,8626e6cbb1e4c096a3ed0274c0880162f45151a49c991c3fdf380e839ecdeb66,501359,1,1,VERIFIED_OFFICIAL_PDF,1
SC_MEETING::SCM|S/PV.9919,S/PV.9919,https://documents.un.org/api/symbol/access?s=S%2FPV.9919&l=en&t=pdf,documents.un.org,United Nations,OFFICIAL_FULLTEXT_PDF,S_PV.9919.pdf,d42b57ebabecfb19a70fdd6e75680b10a1838e439d8150568b9b534962c4f0a0,712897,1,1,VERIFIED_OFFICIAL_PDF,1
SC_MEETING::SCM|S/PV.9919 (Resumption 1),S/PV.9919 (RESUMPTION 1),https://documents.un.org/api/symbol/access?s=S%2FPV.9919%20%28RESUMPTION%201%29&l=en&t=pdf,documents.un.org,United Nations,OFFICIAL_FULLTEXT_PDF,S_PV.9919_RESUMPTION_1.pdf,66385c6579a3f4ccd0f1cd509a1ebff2591050afe0c0ac54f6c4deeb28392fc5,791935,1,1,VERIFIED_OFFICIAL_PDF,1
SC_MEETING::SCM|S/PV.9919 (Resumption 2),S/PV.9919 (RESUMPTION 2),https://documents.un.org/api/symbol/access?s=S%2FPV.9919%20%28RESUMPTION%202%29&l=en&t=pdf,documents.un.org,United Nations,OFFICIAL_FULLTEXT_PDF,S_PV.9919_RESUMPTION_2.pdf,07f7915a6341ffadd308c11067b5227a008b29fad837641b0e3da41dbc3ca2cc,413129,1,1,VERIFIED_OFFICIAL_PDF,1
SC_MEETING::SCM|S/PV.9938,S/PV.9938,https://documents.un.org/api/symbol/access?s=S%2FPV.9938&l=en&t=pdf,documents.un.org,United Nations,OFFICIAL_FULLTEXT_PDF,S_PV.9938.pdf,dde08d55caf15bf3b1f95cb68e82f29c882972088a62ddd464520d2807ae7331,728387,1,1,VERIFIED_OFFICIAL_PDF,1
SC_MEETING::SCM|S/PV.9938 (Resumption 1),S/PV.9938 (RESUMPTION 1),https://documents.un.org/api/symbol/access?s=S%2FPV.9938%20%28RESUMPTION%201%29&l=en&t=pdf,documents.un.org,United Nations,OFFICIAL_FULLTEXT_PDF,S_PV.9938_RESUMPTION_1.pdf,eb639c597e0127c57de184306df722e448c4d7dd9259870555eda6c40680b42c,785314,1,1,VERIFIED_OFFICIAL_PDF,1
SC_MEETING::SCM|S/PV.9938 (Resumption 2),S/PV.9938 (RESUMPTION 2),https://documents.un.org/api/symbol/access?s=S%2FPV.9938%20%28RESUMPTION%202%29&l=en&t=pdf,documents.un.org,United Nations,OFFICIAL_FULLTEXT_PDF,S_PV.9938_RESUMPTION_2.pdf,53865be0c0ff504c6bc05fafb3d51528a0b405f9246ce24c34949629d62626a4,373926,1,1,VERIFIED_OFFICIAL_PDF,1
SC_FORMAL_VOTE::SCV|2156,S/PV.9958,https://documents.un.org/api/symbol/access?s=S%2FPV.9958&l=en&t=pdf,documents.un.org,United Nations,OFFICIAL_FULLTEXT_PDF,S_PV.9958.pdf,476e8d293e402cd04c22710361a219fd4488e324617e1971cf9fd265d00d70d8,386660,1,1,VERIFIED_OFFICIAL_PDF,1
SC_MEETING::SCM|S/PV.9958,S/PV.9958,https://documents.un.org/api/symbol/access?s=S%2FPV.9958&l=en&t=pdf,documents.un.org,United Nations,OFFICIAL_FULLTEXT_PDF,S_PV.9958.pdf,476e8d293e402cd04c22710361a219fd4488e324617e1971cf9fd265d00d70d8,386660,1,1,VERIFIED_OFFICIAL_PDF,1
SC_FORMAL_VOTE::SCV|2157,S/PV.9962,https://documents.un.org/api/symbol/access?s=S%2FPV.9962&l=en&t=pdf,documents.un.org,United Nations,OFFICIAL_FULLTEXT_PDF,S_PV.9962.pdf,91beae86c3675213b089fbc55c5c63cfe125551b0d9c86bba32dd3162f474e66,732867,1,1,VERIFIED_OFFICIAL_PDF,1
SC_MEETING::SCM|S/PV.9962,S/PV.9962,https://documents.un.org/api/symbol/access?s=S%2FPV.9962&l=en&t=pdf,documents.un.org,United Nations,OFFICIAL_FULLTEXT_PDF,S_PV.9962.pdf,91beae86c3675213b089fbc55c5c63cfe125551b0d9c86bba32dd3162f474e66,732867,1,1,VERIFIED_OFFICIAL_PDF,1
SC_MEETING::SCM|S/PV.9962 (Resumption 1),S/PV.9962 (RESUMPTION 1),https://documents.un.org/api/symbol/access?s=S%2FPV.9962%20%28RESUMPTION%201%29&l=en&t=pdf,documents.un.org,United Nations,OFFICIAL_FULLTEXT_PDF,S_PV.9962_RESUMPTION_1.pdf,edae826968542945ef141ddd3f8af274b0c6e683aba5e8a96c8980bf65ccc5a6,817065,1,1,VERIFIED_OFFICIAL_PDF,1
SC_MEETING::SCM|S/PV.9962 (Resumption 2),S/PV.9962 (RESUMPTION 2),https://documents.un.org/api/symbol/access?s=S%2FPV.9962%20%28RESUMPTION%202%29&l=en&t=pdf,documents.un.org,United Nations,OFFICIAL_FULLTEXT_PDF,S_PV.9962_RESUMPTION_2.pdf,7f8a657383e5670c76ee90dc4336650cd97a04cdd8448e6139de8dd57e30466c,323619,1,1,VERIFIED_OFFICIAL_PDF,1
SC_MEETING::SCM|S/PV.9969,S/PV.9969,https://documents.un.org/api/symbol/access?s=S%2FPV.9969&l=en&t=pdf,documents.un.org,United Nations,OFFICIAL_FULLTEXT_PDF,S_PV.9969.pdf,2639873fd4224eea913cc4364db119ecd915717e93c4ced365cfb79ea319d558,653348,1,1,VERIFIED_OFFICIAL_PDF,1
SC_MEETING::SCM|S/PV.9977,S/PV.9977,https://documents.un.org/api/symbol/access?s=S%2FPV.9977&l=en&t=pdf,documents.un.org,United Nations,OFFICIAL_FULLTEXT_PDF,S_PV.9977.pdf,33957964668d6fd39e1fdce334dc4f69c0febf2bd9b6cb10ceaa34a53c9b480d,706250,1,1,VERIFIED_OFFICIAL_PDF,1
SC_MEETING::SCM|S/PV.9977 (Resumption 1),S/PV.9977 (RESUMPTION 1),https://documents.un.org/api/symbol/access?s=S%2FPV.9977%20%28RESUMPTION%201%29&l=en&t=pdf,documents.un.org,United Nations,OFFICIAL_FULLTEXT_PDF,S_PV.9977_RESUMPTION_1.pdf,d2fb4934d88cf5844de5a488207d6dc493a41e39765bbf830d0f2d4986e7cc5a,789290,1,1,VERIFIED_OFFICIAL_PDF,1
SC_MEETING::SCM|S/PV.9977 (Resumption 2),S/PV.9977 (RESUMPTION 2),https://documents.un.org/api/symbol/access?s=S%2FPV.9977%20%28RESUMPTION%202%29&l=en&t=pdf,documents.un.org,United Nations,OFFICIAL_FULLTEXT_PDF,S_PV.9977_RESUMPTION_2.pdf,abe92d0f70853dff0965e497a67078ef3d7e00fe03fee782f115e49266e6142c,362149,1,1,VERIFIED_OFFICIAL_PDF,1
SC_MEETING::SCM|S/PV.9991,S/PV.9991,https://documents.un.org/api/symbol/access?s=S%2FPV.9991&l=en&t=pdf,documents.un.org,United Nations,OFFICIAL_FULLTEXT_PDF,S_PV.9991.pdf,d4eff85cd0f6565009c3115bad842da4efe763248a2176e5fe88512d55d8fc51,757235,1,1,VERIFIED_OFFICIAL_PDF,1
SC_MEETING::SCM|S/PV.9991 (Resumption 1),S/PV.9991 (RESUMPTION 1),https://documents.un.org/api/symbol/access?s=S%2FPV.9991%20%28RESUMPTION%201%29&l=en&t=pdf,documents.un.org,United Nations,OFFICIAL_FULLTEXT_PDF,S_PV.9991_RESUMPTION_1.pdf,669425064bdf092f0c7d37e5bfd958bf288a0ec938835d8a2ec4a4d01c6cce3f,772421,1,1,VERIFIED_OFFICIAL_PDF,1
SC_MEETING::SCM|S/PV.9991 (Resumption 2),S/PV.9991 (RESUMPTION 2),https://documents.un.org/api/symbol/access?s=S%2FPV.9991%20%28RESUMPTION%202%29&l=en&t=pdf,documents.un.org,United Nations,OFFICIAL_FULLTEXT_PDF,S_PV.9991_RESUMPTION_2.pdf,5e014cccc6a800f58324793d5afd7ccd9e509d00528620acca2727ee1b251f9d,371627,1,1,VERIFIED_OFFICIAL_PDF,1
SC_MEETING::SCM|S/PV.10005,S/PV.10005,https://documents.un.org/api/symbol/access?s=S%2FPV.10005&l=en&t=pdf,documents.un.org,United Nations,OFFICIAL_FULLTEXT_PDF,S_PV.10005.pdf,52b8fde091598f5536f7575906685a295ca36d2c49d6635fbaee4d01ebd16d95,716666,1,1,VERIFIED_OFFICIAL_PDF,1
SC_MEETING::SCM|S/PV.10005 (Resumption 1),S/PV.10005 (RESUMPTION 1),https://documents.un.org/api/symbol/access?s=S%2FPV.10005%20%28RESUMPTION%201%29&l=en&t=pdf,documents.un.org,United Nations,OFFICIAL_FULLTEXT_PDF,S_PV.10005_RESUMPTION_1.pdf,8a0df11e725c1fc6942ff4282fa11fdd27cb84da0cbaeef7fe1516b1cba51a07,751993,1,1,VERIFIED_OFFICIAL_PDF,1
SC_MEETING::SCM|S/PV.10005 (Resumption 2),S/PV.10005 (RESUMPTION 2),https://documents.un.org/api/symbol/access?s=S%2FPV.10005%20%28RESUMPTION%202%29&l=en&t=pdf,documents.un.org,United Nations,OFFICIAL_FULLTEXT_PDF,S_PV.10005_RESUMPTION_2.pdf,c822eab9774e29fb8ec2f9db82cd083a96352ec5c968d3dc86715b62e74ceae0,372885,1,1,VERIFIED_OFFICIAL_PDF,1
SC_MEETING::SCM|S/PV.10024,S/PV.10024,https://documents.un.org/api/symbol/access?s=S%2FPV.10024&l=en&t=pdf,documents.un.org,United Nations,OFFICIAL_FULLTEXT_PDF,S_PV.10024.pdf,a6d384b9e6242f0792e879743ad1572e2e8440742308ea15d7540a6015885e98,751523,1,1,VERIFIED_OFFICIAL_PDF,1
SC_MEETING::SCM|S/PV.10024 (Resumption 1),S/PV.10024 (RESUMPTION 1),https://documents.un.org/api/symbol/access?s=S%2FPV.10024%20%28RESUMPTION%201%29&l=en&t=pdf,documents.un.org,United Nations,OFFICIAL_FULLTEXT_PDF,S_PV.10024_RESUMPTION_1.pdf,2a973c20b5b1b235d871552e8a63429741475c89aceed54feda36cd5d9f19706,838132,1,1,VERIFIED_OFFICIAL_PDF,1
