order_id,case_number,order_date,official_source_url,source_organization,source_type,archive_pdf_filename,document_sha256,pdf_signature_valid,source_verification_status,analysis_eligible_source
ICJ-126-2002-07-10,126,2002-07-10,https://www.icj-cij.org/sites/default/files/case-related/126/126-20020710-ORD-01-00-EN.pdf,International Court of Justice,ORDER_PDF,126-20020710-ORD-01-00-EN.pdf,c959c991e63bf1151c7193a44ce9a77408dd6609fd25dd624b422b50123c6ec6,1,VERIFIED_OFFICIAL_ORDER_PDF,1
ICJ-128-2003-02-05,128,2003-02-05,https://www.icj-cij.org/sites/default/files/case-related/128/128-20030205-ORD-02-00-EN.pdf,International Court of Justice,ORDER_PDF,,,0,OFFICIAL_ORDER_PDF_NOT_LOCAL,0
ICJ-129-2003-06-17,129,2003-06-17,https://www.icj-cij.org/sites/default/files/case-related/129/129-20030617-ORD-01-00-EN.pdf,International Court of Justice,ORDER_PDF,129-20030617-ORD-01-00-EN.pdf,3a339e5955f5f283a75b26b97d50bd920688087d99b8a7df857f638a91bd7b5d,1,VERIFIED_OFFICIAL_ORDER_PDF,1
ICJ-135-2006-07-13,135,2006-07-13,https://www.icj-cij.org/sites/default/files/case-related/135/135-20060713-ORD-02-00-EN.pdf,International Court of Justice,ORDER_PDF,,,0,OFFICIAL_ORDER_PDF_NOT_LOCAL,0
ICJ-135-2007-01-23,135,2007-01-23,https://www.icj-cij.org/sites/default/files/case-related/135/135-20070123-ORD-01-00-EN.pdf,International Court of Justice,ORDER_PDF,135-20070123-ORD-01-00-EN.pdf,e3d1dfbe1a80a2e20109f54b36cba1d96b83b1b3cd1bf0bbcdfb35a8af26fd89,1,VERIFIED_OFFICIAL_ORDER_PDF,1
ICJ-139-2008-07-16,139,2008-07-16,https://www.icj-cij.org/sites/default/files/case-related/139/139-20080716-ORD-01-00-EN.pdf,International Court of Justice,ORDER_PDF,,,0,OFFICIAL_ORDER_PDF_NOT_LOCAL,0
ICJ-140-2008-10-15,140,2008-10-15,https://www.icj-cij.org/sites/default/files/case-related/140/140-20081015-ORD-01-00-EN.pdf,International Court of Justice,ORDER_PDF,,,0,OFFICIAL_ORDER_PDF_NOT_LOCAL,0
ICJ-144-2009-05-28,144,2009-05-28,https://www.icj-cij.org/sites/default/files/case-related/144/144-20090528-ORD-01-00-EN.pdf,International Court of Justice,ORDER_PDF,144-20090528-ORD-01-00-EN.pdf,7838e991484a8ee445de9edc32f8bcde70aff56bac6e712b7e9674f2f145ef2e,1,VERIFIED_OFFICIAL_ORDER_PDF,1
ICJ-150-2011-03-08,150,2011-03-08,https://www.icj-cij.org/sites/default/files/case-related/150/150-20110308-ORD-01-00-EN.pdf,International Court of Justice,ORDER_PDF,150-20110308-ORD-01-00-EN.pdf,d609629a82f935eea14c662db86b75b3a47c73353b609834ab2d9a0ff70e7cba,1,VERIFIED_OFFICIAL_ORDER_PDF,1
ICJ-151-2011-07-18,151,2011-07-18,https://www.icj-cij.org/sites/default/files/case-related/151/151-20110718-ORD-01-00-EN.pdf,International Court of Justice,ORDER_PDF,,,0,OFFICIAL_ORDER_PDF_NOT_LOCAL,0
ICJ-150-2013-07-16,150,2013-07-16,https://www.icj-cij.org/sites/default/files/case-related/150/150-20130716-ORD-01-00-EN.pdf,International Court of Justice,ORDER_PDF,,,0,OFFICIAL_ORDER_PDF_NOT_LOCAL,0
ICJ-150-2013-11-22,150,2013-11-22,https://www.icj-cij.org/sites/default/files/case-related/150/150-20131122-ORD-01-00-EN.pdf,International Court of Justice,ORDER_PDF,,,0,OFFICIAL_ORDER_PDF_NOT_LOCAL,0
ICJ-152-2013-12-13,152,2013-12-13,https://www.icj-cij.org/sites/default/files/case-related/152/152-20131213-ORD-01-00-EN.pdf,International Court of Justice,ORDER_PDF,,,0,OFFICIAL_ORDER_PDF_NOT_LOCAL,0
ICJ-156-2014-03-03,156,2014-03-03,https://www.icj-cij.org/sites/default/files/case-related/156/156-20140303-ORD-01-00-EN.pdf,International Court of Justice,ORDER_PDF,,,0,OFFICIAL_ORDER_PDF_NOT_LOCAL,0
ICJ-156-2015-04-22,156,2015-04-22,https://www.icj-cij.org/sites/default/files/case-related/156/156-20150422-ORD-01-00-EN.pdf,International Court of Justice,ORDER_PDF,,,0,OFFICIAL_ORDER_PDF_NOT_LOCAL,0
ICJ-163-2016-12-07,163,2016-12-07,https://www.icj-cij.org/sites/default/files/case-related/163/163-20161207-ORD-01-00-EN.pdf,International Court of Justice,ORDER_PDF,,,0,OFFICIAL_ORDER_PDF_NOT_LOCAL,0
ICJ-166-2017-04-19,166,2017-04-19,https://www.icj-cij.org/sites/default/files/case-related/166/166-20170419-ORD-01-00-EN.pdf,International Court of Justice,ORDER_PDF,,,0,OFFICIAL_ORDER_PDF_NOT_LOCAL,0
ICJ-168-2017-05-18,168,2017-05-18,https://www.icj-cij.org/sites/default/files/case-related/168/168-20170518-ORD-01-00-EN.pdf,International Court of Justice,ORDER_PDF,,,0,OFFICIAL_ORDER_PDF_NOT_LOCAL,0
ICJ-172-2018-07-23,172,2018-07-23,https://www.icj-cij.org/sites/default/files/case-related/172/172-20180723-ORD-01-00-EN.pdf,International Court of Justice,ORDER_PDF,,,0,OFFICIAL_ORDER_PDF_NOT_LOCAL,0
ICJ-172-2019-06-14,172,2019-06-14,https://www.icj-cij.org/sites/default/files/case-related/172/172-20190614-ORD-01-00-EN.pdf,International Court of Justice,ORDER_PDF,,,0,OFFICIAL_ORDER_PDF_NOT_LOCAL,0
ICJ-178-2020-01-23,178,2020-01-23,https://www.icj-cij.org/sites/default/files/case-related/178/178-20200123-ORD-01-00-EN.pdf,International Court of Justice,ORDER_PDF,,,0,OFFICIAL_ORDER_PDF_NOT_LOCAL,0
ICJ-180-2021-12-07,180,2021-12-07,https://www.icj-cij.org/sites/default/files/case-related/180/180-20211207-ORD-01-00-EN.pdf,International Court of Justice,ORDER_PDF,,,0,OFFICIAL_ORDER_PDF_NOT_LOCAL,0
ICJ-181-2021-12-07,181,2021-12-07,https://www.icj-cij.org/sites/default/files/case-related/181/181-20211207-ORD-01-00-EN.pdf,International Court of Justice,ORDER_PDF,,,0,OFFICIAL_ORDER_PDF_NOT_LOCAL,0
ICJ-182-2022-03-16,182,2022-03-16,https://www.icj-cij.org/sites/default/files/case-related/182/182-20220316-ord-01-00-en.pdf,International Court of Justice,ORDER_PDF,,,0,OFFICIAL_ORDER_PDF_NOT_LOCAL,0
ICJ-183-2022-05-10,183,2022-05-10,https://www.icj-cij.org/sites/default/files/case-related/183/183-20220510-ord-01-00-en.pdf,International Court of Justice,ORDER_PDF,,,0,OFFICIAL_ORDER_PDF_NOT_LOCAL,0
ICJ-180-2022-10-12,180,2022-10-12,https://www.icj-cij.org/sites/default/files/case-related/180/180-20221012-ord-01-00-en.pdf,International Court of Justice,ORDER_PDF,,,0,OFFICIAL_ORDER_PDF_NOT_LOCAL,0
ICJ-184-2022-10-21,184,2022-10-21,https://www.icj-cij.org/sites/default/files/case-related/184/184-20221021-ord-01-00-enc.pdf,International Court of Justice,ORDER_PDF,,,0,OFFICIAL_ORDER_PDF_NOT_LOCAL,0
ICJ-180-2023-02-22,180,2023-02-22,https://www.icj-cij.org/sites/default/files/case-related/180/180-20230222-ord-01-00-en.pdf,International Court of Justice,ORDER_PDF,,,0,OFFICIAL_ORDER_PDF_NOT_LOCAL,0
ICJ-181-2023-02-22,181,2023-02-22,https://www.icj-cij.org/sites/default/files/case-related/181/181-20230222-ord-01-00-en.pdf,International Court of Justice,ORDER_PDF,,,0,OFFICIAL_ORDER_PDF_NOT_LOCAL,0
ICJ-180-2023-07-06,180,2023-07-06,https://www.icj-cij.org/sites/default/files/case-related/180/180-20230706-ord-01-00-en.pdf,International Court of Justice,ORDER_PDF,,,0,OFFICIAL_ORDER_PDF_NOT_LOCAL,0
ICJ-188-2023-11-16,188,2023-11-16,https://www.icj-cij.org/sites/default/files/case-related/188/188-20231116-ord-01-00-en.pdf,International Court of Justice,ORDER_PDF,,,0,OFFICIAL_ORDER_PDF_NOT_LOCAL,0
ICJ-180-2023-11-17,180,2023-11-17,https://www.icj-cij.org/sites/default/files/case-related/180/180-20231117-ord-01-00-en.pdf,International Court of Justice,ORDER_PDF,,,0,OFFICIAL_ORDER_PDF_NOT_LOCAL,0
ICJ-171-2023-12-01,171,2023-12-01,https://www.icj-cij.org/sites/default/files/case-related/171/171-20231201-ord-01-00-en.pdf,International Court of Justice,ORDER_PDF,,,0,OFFICIAL_ORDER_PDF_NOT_LOCAL,0
ICJ-192-2024-01-26,192,2024-01-26,https://www.icj-cij.org/sites/default/files/case-related/192/192-20240126-ord-01-00-en.pdf,International Court of Justice,ORDER_PDF,,,0,OFFICIAL_ORDER_PDF_NOT_LOCAL,0
ICJ-192-2024-03-28,192,2024-03-28,https://www.icj-cij.org/sites/default/files/case-related/192/192-20240328-ord-01-00-en.pdf,International Court of Justice,ORDER_PDF,,,0,OFFICIAL_ORDER_PDF_NOT_LOCAL,0
ICJ-193-2024-04-30,193,2024-04-30,https://www.icj-cij.org/sites/default/files/case-related/193/193-20240430-ord-01-00-en.pdf,International Court of Justice,ORDER_PDF,,,0,OFFICIAL_ORDER_PDF_NOT_LOCAL,0
ICJ-194-2024-05-23,194,2024-05-23,https://www.icj-cij.org/sites/default/files/case-related/194/194-20240523-ord-01-00-en.pdf,International Court of Justice,ORDER_PDF,,,0,OFFICIAL_ORDER_PDF_NOT_LOCAL,0
ICJ-192-2024-05-24,192,2024-05-24,https://www.icj-cij.org/sites/default/files/case-related/192/192-20240524-ord-01-00-en.pdf,International Court of Justice,ORDER_PDF,,,0,OFFICIAL_ORDER_PDF_NOT_LOCAL,0
ICJ-171-2025-05-01,171,2025-05-01,https://api.icj-cij.org/sites/default/files/case-related/171/171-20250502-pre-01-00-en.pdf,International Court of Justice,NON_ORDER_DOCUMENT,,,0,OFFICIAL_URL_IS_NOT_ORDER_PDF,0
ICJ-197-2025-05-05,197,2025-05-05,https://api.icj-cij.org/sites/default/files/case-related/197/197-20250505-ord-01-00-en.pdf,International Court of Justice,ORDER_PDF,,,0,OFFICIAL_ORDER_PDF_NOT_LOCAL,0
ICJ-184-2025-09-12,184,2025-09-12,https://www.icj-cij.org/sites/default/files/case-related/184/184-20250912-ord-01-00-en.pdf,International Court of Justice,ORDER_PDF,,,0,OFFICIAL_ORDER_PDF_NOT_LOCAL,0
